Name,Count,SMILES,type,type2,logPN,PN,pH,pKa,pKa2,Charge,logPI,PI,delta,fN,logD1,logD2,logDexptl,D,logPIextrapolated,dI,d1,d2,d3,cond,cond2,cond3,deviation_1,deviation_2,num1,num2,logDmix,dmix,deviation_3,num3,CH_strength,XH_strength,HBA_strength,Hyd_Apolar,Hyd_Polar,Hyd
2.4-Dichlorophenoxyacetic acid,1,C1=CC(=C(C=C1Cl)Cl)OCC(=O)O,Acid,,2.78,602.5595861,7.40,2.73,NA,Neg,-0.87,0.134896288,4.67,2.13792E-05,-1.890009285,-0.830397197,-0.82,0.151356125,-0.858622776,0.011377224,1.070009285,0.010397197,1.059612088,0,0,0,NO,NO, , ,-0.830397197,0.010397197,NO, ,3.7386,1.2177,2.175,0.015630975,-11.79404876,-10.92535851
4-Phenylbutylamine,2,C1=CC=C(C=C1)CCCCN,Base,,2.39,245.4708916,7.40,10.43,NA,Pos,-0.45,0.354813389,3.03,0.000932384,-0.640405118,-0.234066528,-0.62,0.239883292,-1.957802692,-1.507802692,0.020405118,0.385933472,-0.365528354,1,2,1,NO,NO, , ,-0.640405118,0.020405118,NO, ,3.798,0.8574,1.2438,0.621916826,-5.618140535,-4.996223709
5-Phenylvaleric acid,3,C1=CC=C(C=C1)CCCCC(=O)O,Acid,,2.92,831.7637711,7.40,4.59,NA,Neg,-0.95,0.112201845,2.81,0.001546421,0.109327878,0.145595919,0.5,3.16227766,0.273909652,1.223909652,0.390672122,0.354404081,0.036268041,1,1,0,NO,NO, , ,0.145595919,0.354404081,NO, ,5.5707,0.9923,1.7078,0.155783939,-9.541945507,-9.386161568
6-Acetylmorphine,4,CC(=O)OC1C=CC2C3CC4=C5C2(C1OC5=C(C=C4)O)CCN3C,Base,,1.55,35.48133892,7.40,9.55,9.55,Pos,-0.42,0.380189396,2.15,0.007029691,-0.603063737,-0.202774265,0.61,4.073802778,0.585624766,1.005624766,1.213063737,0.812774265,0.400289472,0,0,0,NO,NO, , ,-0.202774265,0.812774265,NO, ,9.2171,0.9938,3.8061,-2.517614723,-19.54866157,-19.14923518
Acebutolol,5,CCCC(=O)NC1=CC(=C(C=C1)OCC(CNC(C)C)O)C(=O)C,Base,,1.82,66.0693448,7.40,9.52,NA,Pos,-2.08,0.008317638,2.12,0.007528665,-0.303282028,-0.296133687,-0.09,0.812830516,-0.49783349,1.58216651,0.213282028,0.206133687,0.007148341,1,1,0,NO,NO, , ,-0.296133687,0.206133687,NO, ,10.214,2.1638,5.2464,2.014770554,-25.82710325,-23.8123327
Alprenolol,6,CC(C)NCC(COC1=CC=CC=C1CC=C)O,Base,,3.14,1380.384265,7.40,9.62,NA,Pos,-1.39,0.040738028,2.22,0.005989506,0.91739097,0.91951286,0.86,7.244359601,#NUM!,#NUM!,0.05739097,0.05951286,-0.00212189,1,1,1,NO,NO, , ,0.91739097,0.05739097,NO, ,7.1466,1.2923,2.753,1.496486616,-13.92712715,-12.43064054
Amiodarone,7,CCCCC1=C(C2=CC=CC=C2O1)C(=O)C3=CC(=C(C(=C3)I)OCCN(CC)CC)I,Base,,7.8,63095734.45,7.40,9.06,6.56,Pos,4.02,10471.28548,1.66,0.021409233,6.130601114,6.133883142,6.1,1258925.412,#NUM!,#NUM!,0.030601114,0.033883142,-0.003282028,1,1,1,NO,NO, , ,6.130601114,0.030601114,NO, ,12.2171,0,3.9485,0.357815488,-21.05210325,-18.46130497
Amitriptyline,8,CN(C)CCC=C1C2=CC=CC=C2CCC3=CC=CC=C31,Base,,4.62,41686.93835,7.40,9.4,NA,Pos,0.16,1.445439771,2.00,0.00990099,2.615678626,2.617181881,2.8,630.9573445,2.343206732,2.183206732,0.184321374,0.182818119,0.001503254,1,1,0,NO,NO, , ,2.617181881,0.182818119,NO, ,7.1026,0,0.9227,-1.451888145,-4.810325048,-6.262237094
Amlodipine,9,CCOC(=O)C1=C(NC(=C(C1C2=CC=CC=C2Cl)C(=O)OC)C)COCCN,Base,,3.74,5495.408739,7.40,9.4,NA,Pos,1.09,12.30268771,2.00,0.00990099,1.735678626,1.823414666,2.25,177.827941,2.095699714,1.005699714,0.514321374,0.426585334,0.087736039,1,1,0,NO,NO, , ,1.823414666,0.426585334,NO, ,11.6004,2.032,6.0494,0.491754302,-29.91522467,-24.90150574
Atropine,10,CN1C2CCC1CC(C2)OC(=O)C(CO)C3=CC=CC=C3,Base,,1.89,77.62471166,7.40,9.7,NA,Pos,-1.99,0.01023293,2.30,0.004986879,-0.412171192,-0.400895729,-0.66,0.218776162,#NUM!,#NUM!,0.247828808,0.259104271,-0.011275463,1,1,1,NO,NO, , ,-0.412171192,0.247828808,NO, ,9.1945,0.7698,3.4192,0.136591778,-17.65200765,-14.98142925
Buprenorphine,11,CC(C)(C)C(C)(C1CC23CCC1(C4C25CCN(C3CC6=C5C(=C(C=C6)O)O4)CC7CC7)OC)O,Base,,4.82,66069.3448,7.40,8.31,NA,Pos,0.09,1.230268771,0.91,0.109549361,3.85960985,3.859675578,3.75,5623.413252,#NUM!,#NUM!,0.10960985,0.109675578,-6.57282E-05,1,1,1,NO,NO, , ,3.85960985,0.10960985,NO, ,12.1091,1.5157,4.4304,-1.234488528,-22.95979924,-22.92167782
Carazolol,12,CC(C)NCC(COC1=CC=CC2=C1C3=CC=CC=C3N2)O,Base,,3.73,5370.317964,7.40,9.67,14.03,Pos,0.77,5.888436554,2.27,0.005341632,1.457673941,1.538363113,1.58,38.01893963,0.972332385,0.202332385,0.122326059,0.041636887,0.080689172,1,1,0,NO,NO, , ,1.538363113,0.041636887,NO, ,6.9612,2.0732,3.5349,-1.223996176,-17.00860421,-18.23260038
Carvedilol,13,COC1=CC=CC=C1OCCNCC(COC2=CC=CC3=C2C4=CC=CC=C4N3)O,Base,,4.14,13803.84265,7.40,7.8,NA,Pos,1.95,89.12509381,0.40,0.284747249,3.594459537,3.601446463,3.53,3388.441561,#NUM!,#NUM!,0.064459537,0.071446463,-0.006986926,1,1,1,NO,NO, , ,3.594459537,0.064459537,NO, ,10.5896,2.4461,4.9766,-2.757289675,-24.89259082,-26.64249522
Chlorpromazine,14,CN(C)CCCN1C2=CC=CC=C2SC3=C1C=C(C=C3)Cl,Base,,5.4,251188.6432,7.40,9.3,NA,Pos,1.67,46.77351413,1.90,0.012432735,3.494566686,3.500943329,3.45,2818.382931,#NUM!,#NUM!,0.044566686,0.050943329,-0.006376643,1,1,1,NO,NO, , ,3.494566686,0.044566686,NO, ,7.1412,0,2.1785,-0.924880497,-10.46302581,-11.1209369
Ciprofloxacin,15,C1CC1N2C=C(C(=O)C3=CC(=C(C=C32)N4CCNCC4)F)C(=O)O,Acid,Z,-1.08,0.083176377,7.40,6.09,NA,Pos,-1.69,0.020417379,1.31,0.046691053,-2.410766331,-1.631756581,-1.12,0.075857758,-1.122057035,0.567942965,1.290766331,0.511756581,0.77900975,0,0,0,NO,NO, , ,-1.631756581,0.511756581,NO, ,8.3956,1.7773,5.0027,-2.22834608,-24.32569312,-25.82703155
Debrisoquine,16,C1CN(CC2=CC=CC=C21)C(=N)N,Base,,0.85,7.079457844,7.40,11.9,NA,Pos,-0.87,0.134896288,4.50,3.16218E-05,-3.650013733,-0.869293581,-0.87,0.134896288,-0.870707592,-0.000707592,2.780013733,0.000706419,2.779307315,0,0,0,YES,NO,16, ,-0.869293581,0.000706419,NO, ,4.4435,2.1407,2.7823,-1.20456501,-11.88446463,-13.08900574
Deprenyl,17,CC(CC1=CC=CC=C1)N(C)CC#C,Base,,2.9,794.3282347,7.40,7.47,NA,Pos,-0.95,0.112201845,0.07,0.459791772,2.562561195,2.562633264,2.49,309.0295433,#NUM!,#NUM!,0.072561195,0.072633264,-7.2069E-05,1,1,1,NO,NO, , ,2.562561195,0.072561195,NO, ,5.5229,0,0.8361,-0.281644359,-4.190535373,-4.472179732
Desipramine,18,CNCCCN1C2=CC=CC=C2CCC3=CC=CC=C31,Base,,3.79,6165.950019,7.40,10.42,NA,Pos,0.34,2.187761624,3.02,0.000954081,0.76958545,0.906792417,1.38,23.98832919,1.258225329,0.918225329,0.61041455,0.473207583,0.137206967,1,1,0,NO,NO, , ,0.906792417,0.473207583,NO, ,6.9355,0.4625,1.8355,-1.406739962,-8.410157744,-9.816921606
Diclofenac,19,C1=CC=C(C(=C1)CC(=O)O)NC2=C(C=CC=C2Cl)Cl,Acid,,4.51,32359.36569,7.40,4.15,NA,Neg,0.68,4.786300923,3.25,0.000562025,1.259755847,1.361168413,1.3,19.95262315,0.247195932,-0.432804068,0.040244153,0.061168413,-0.020924259,1,1,1,NO,NO, , ,1.259755847,0.040244153,NO, ,5.4627,2.1938,2.8012,-1.34125239,-14.79655832,-16.13781071
Diphenhydramine,20,CN(C)CCOC(C1=CC=CC=C1)C2=CC=CC=C2,Base,,3.18,1513.561248,7.40,8.98,NA,Pos,-0.52,0.301995172,1.58,0.02562858,1.588724537,1.592006565,1.39,24.54708916,#NUM!,#NUM!,0.198724537,0.202006565,-0.003282028,1,1,1,NO,NO, , ,1.588724537,0.198724537,NO, ,7.4069,0,1.7097,-0.240917782,-8.796725621,-7.902676864
Ephedrine,21,CC(C(C1=CC=CC=C1)O)NC,Base,,1.13,13.48962883,7.40,10.25,NA,Pos,-0.96,0.10964782,2.85,0.001410545,-1.720613024,-0.891026288,-0.77,0.169824365,-0.820995324,0.139004676,0.950613024,0.121026288,0.829586736,0,0,0,NO,NO, , ,-0.891026288,0.121026288,NO, ,4.6949,1.2465,2.0499,0.86498566,-10.07784417,-9.212882409
Ergonovine,22,CC(CO)NC(=O)C1CN(C2CC3=CNC4=CC=CC(=C34)C2=C1)C,Base,,1.67,46.77351413,7.40,6.8,NA,Pos,-0.51,0.309029543,-0.60,0.799239991,1.572677206,1.573397358,1.54,34.67368505,#NUM!,#NUM!,0.032677206,0.033397358,-0.000720152,1,1,1,NO,NO, , ,1.572677206,0.032677206,NO, ,9.0336,1.9592,4.5306,-1.771128107,-21.41352772,-23.18465583
Erythromycin,23,CCC1C(C(C(C(=O)C(CC(C(C(C(C(C(=O)O1)C)OC2CC(C(C(O2)C)O)(C)OC)C)OC3C(C(CC(O3)C)N(C)C)O)(C)O)C)C)O)(C)O,Base,,2.54,346.7368505,7.40,8.88,NA,Pos,-0.43,0.371535229,1.48,0.032051778,1.045852126,1.059683029,1.14,13.80384265,0.443950213,0.873950213,0.094147874,0.080316971,0.013830902,1,1,0,NO,NO, , ,1.059683029,0.080316971,NO, ,25.4985,3.9359,12.1071,9.221343212,-63.07736616,-47.13934034
Ethinylestradiol,24,CC12CCC3C(C1CCC2(C#C)O)CCC4=C3C=CC(=C4)O,Acid,,3.42,2630.267992,7.40,10.2,,Neg,1.29,19.498446,-2.80,0.998417615,3.419312235,3.419317337,3.42,2630.267992,3.42,2.13,0.000687765,0.000682663,5.10249E-06,1,1,0,NO,NO, , ,3.419317337,0.000682663,NO, ,7.7022,1.4774,1.9257,-1.696725621,-11.0501195,-12.74684512
Famotidine,25,C1=C(N=C(S1)N=C(N)N)CSCCC(=NS(=O)(=O)N)N,Acid,Z,-0.81,0.154881662,7.40,6.76,NA,Pos,-0.54,0.28840315,0.64,0.186387789,-1.539582542,-0.579192392,-0.62,0.239883292,-0.586103633,-0.046103633,0.919582542,0.040807608,0.878774934,0,0,0,NO,NO, , ,-0.579192392,0.040807608,NO, ,4.2653,7.6044,7.0268,0.736424474,-30.46419694,-24.75334608
Flufenamic acid,26,C1=CC=C(C(=C1)C(=O)O)NC2=CC=CC(=C2)C(F)(F)F,Acid,,5.25,177827.941,7.40,3.97,NA,Neg,1.77,58.88436554,3.43,0.000371397,1.819838674,2.096587831,2.45,281.8382931,2.334199657,0.564199657,0.630161326,0.353412169,0.276749156,0,0,0,NO,NO, , ,2.096587831,0.353412169,NO, ,5.8917,2.271,3.4561,-1.477390057,-18.70511472,-17.97464149
Fluvastatin,27,CC(C)N1C2=CC=CC=C2C(=C1C=CC(CC(CC(=O)O)O)O)C3=CC=C(C=C3)F,Acid,,4.17,14791.08388,7.40,4.5,NA,Neg,1.12,13.18256739,2.90,0.001257343,1.2694536,1.50192768,1.14,13.80384265,#NUM!,#NUM!,0.1294536,0.36192768,-0.232474081,1,2,1,NO,NO, , ,1.2694536,0.1294536,NO, ,11.2137,2.6458,4.6758,-1.121725621,-25.19249522,-26.31419694
Haloperidol,28,C1CN(CCC1(C2=CC=C(C=C2)Cl)O)CCCC(=O)C3=CC=C(C=C3)F,Base,,3.67,4677.351413,7.40,8.66,NA,Pos,1.32,20.89296131,1.26,0.052091449,2.386766441,2.420705837,3.18,1513.561248,3.127006924,1.807006924,0.793233559,0.759294163,0.033939396,1,1,0,NO,NO, , ,2.420705837,0.759294163,NO, ,10.5684,0.7803,3.5261,-0.076840344,-19.06892925,-19.1457696
Hydrochlorothiazide,29,C1NC2=CC(=C(C=C2S(=O)(=O)N1)S(=O)(=O)N)Cl,Acid,,-0.03,0.933254301,7.40,7.9,NA,Neg,-1.59,0.025703958,-0.50,0.759746927,-0.149331048,-0.145564879,-0.18,0.660693448,#NUM!,#NUM!,0.030668952,0.034435121,-0.00376617,1,1,1,NO,NO, , ,-0.149331048,0.030668952,NO, ,3.5885,4.1392,4.556,-0.290989484,-21.49861377,-19.09314054
Ibuprofen,30,CC(C)CC1=CC=C(C=C1)C(C)C(=O)O,Acid,,4.13,13489.62883,7.40,4.91,NA,Neg,-0.41,0.389045145,2.49,0.003225499,1.63859692,1.642450426,1.44,27.54228703,#NUM!,#NUM!,0.19859692,0.202450426,-0.003853507,1,1,1,NO,NO, , ,1.63859692,0.19859692,NO, ,5.925,0.9679,1.752,0.66333652,-9.754086998,-9.090726577
Imipramine,31,CN(C)CCCN1C2=CC=CC=C2CCC3=CC=CC=C31,Base,,4.39,24547.08916,7.40,9.4,NA,Pos,0.47,2.951209227,2.00,0.00990099,2.385678626,2.390868856,2.17,147.9108388,#NUM!,#NUM!,0.215678626,0.220868856,-0.00519023,1,1,1,NO,NO, , ,2.385678626,0.215678626,NO, ,7.377,0,1.6953,-1.150023901,-7.81001434,-8.960038241
Indomethacin,32,CC1=C(C2=C(N1C(=O)C3=CC=C(C=C3)Cl)C=CC(=C2)OC)CC(=O)O,Acid,,4.27,18620.87137,7.40,4.5,NA,Neg,-2,0.01,2.90,0.001257343,1.3694536,1.369638821,0.68,4.786300923,#NUM!,#NUM!,0.6894536,0.689638821,-0.000185222,1,1,1,NO,NO, , ,1.3694536,0.6894536,NO, ,9.2901,1.0609,3.9391,-2.638097514,-20.68833652,-21.95102772
Ketoprofen,33,CC(C1=CC(=CC=C1)C(=O)C2=CC=CC=C2)C(=O)O,Acid,,3.12,1318.256739,7.40,4.45,NA,Neg,-0.95,0.112201845,2.95,0.001120761,0.169512987,0.201267842,-0.11,0.776247117,#NUM!,#NUM!,0.279512987,0.311267842,-0.031754856,1,1,1,NO,NO, , ,0.169512987,0.279512987,NO, ,7.4658,1.0493,2.4763,-1.885970363,-13.7833652,-15.66935946
Lidocaine,34,CCN(CC)CC(=O)NC1=C(C=CC=C1C)C,Base,,2.44,275.4228703,7.40,7.96,NA,Pos,-0.52,0.301995172,0.56,0.215946316,1.7743458,1.776071325,1.72,52.48074602,#NUM!,#NUM!,0.0543458,0.056071325,-0.001725525,1,1,1,NO,NO, , ,1.7743458,0.0543458,NO, ,6.8665,0.6042,2.5885,1.162643403,-12.03778681,-9.747586042
Meloxicam,35,CC1=CN=C(S1)NC(=O)C2=C(C3=CC=CC=C3S(=O)(=O)N2C)O,Acid,,3.01,1023.292992,7.40,4.08,NA,Neg,-0.03,0.933254301,3.32,0.000478401,-0.310207817,0.153007191,0.12,1.318256739,-0.081388435,-0.051388435,0.430207817,0.033007191,0.397200625,0,0,0,NO,NO, , ,0.153007191,0.033007191,NO, ,7.3358,2.2061,4.5846,-2.794359465,-22.29646272,-21.31082696
Metipranolol,36,CC1=CC(=C(C(=C1OC(=O)C)C)C)OCC(CNC(C)C)O,Base,,2.59,389.045145,7.40,9.18,NA,Pos,-2.13,0.007413102,1.78,0.016324942,0.802851659,0.80335001,0.55,3.548133892,#NUM!,#NUM!,0.252851659,0.25335001,-0.000498351,1,1,1,NO,NO, , ,0.802851659,0.252851659,NO, ,9.4015,1.3837,4.2499,2.066085086,-21.3042782,-16.9418738
Metoprolol,37,CC(C)NCC(COC1=CC=C(C=C1)CCOC)O,Base,,1.88,75.8577575,7.40,9.67,14.09,Pos,-2.08,0.008317638,2.27,0.005341632,-0.392326059,-0.383548212,-0.24,0.575439937,-0.766623211,1.313376789,0.152326059,0.143548212,0.008777847,1,1,0,NO,NO, , ,-0.383548212,0.143548212,NO, ,8.289,1.2864,3.6555,2.336711281,-18.43054493,-16.09385755
Morphine sulfate,38,CN1CCC23C4C1CC5=C2C(=C(C=C5)O)OC3C(C=C4)O,Base,,0.89,7.762471166,7.40,8.21,NA,Pos,-2.05,0.008912509,0.81,0.134110418,0.017462515,0.02067011,-0.06,0.87096359,#NUM!,#NUM!,0.077462515,0.08067011,-0.003207595,1,1,1,NO,NO, , ,0.017462515,0.077462515,NO, ,6.8108,1.994,3.3315,-2.327413958,-17.08379541,-19.41120937
Naproxen,39,CC(C1=CC2=C(C=C1)C=C(C=C2)OC)C(=O)O,Acid,,3.24,1737.800829,7.40,4.15,NA,Neg,0.2,1.584893192,3.25,0.000562025,-0.010244153,0.408357079,0.09,1.230268771,-0.59563951,-0.79563951,0.100244153,0.318357079,-0.218112926,1,2,1,NO,NO, , ,-0.010244153,0.100244153,NO, ,6.7294,1.03,2.4197,-1.500573614,-13.22958891,-14.73016252
Nortriptyline,40,CNCCC=C1C2=CC=CC=C2CCC3=CC=CC=C31,Base,,4.39,24547.08916,7.40,9.7,NA,Pos,1.17,14.79108388,2.30,0.004986879,2.087828808,2.137134628,1.79,61.65950019,#NUM!,#NUM!,0.297828808,0.347134628,-0.04930582,1,1,1,NO,NO, , ,2.087828808,0.297828808,NO, ,6.5236,0.4688,1.0581,-1.709416826,-5.378226577,-7.087643403
Ofloxacin,41,CC1COC2=C3N1C=C(C(=O)C3=CC(=C2N4CCN(CC4)C)F)C(=O)O,Acid,Z,-0.39,0.407380278,7.40,6.05,8.11,Neg,-2.1,0.007943282,1.35,0.042758411,-1.758978441,-1.601668024,-0.34,0.45708819,-0.33789546,1.76210454,1.418978441,1.261668024,0.157310417,1,1,0,NO,NO, , ,-1.601668024,1.261668024,NO, ,9.7189,1.1496,5.4506,-2.073565966,-26.69072658,-26.11878585
Oxprenolol,42,CC(C)NCC(COC1=CC=CC=C1OCC=C)O,Base,,2.3,199.5262315,7.40,9.58,NA,Pos,-1.82,0.015135612,2.18,0.006563569,0.117140082,0.122098042,0.18,1.513561248,-0.68760151,1.13239849,0.062859918,0.057901958,0.004957959,1,1,0,NO,NO, , ,0.122098042,0.057901958,NO, ,7.9721,1.3622,3.435,1.421916826,-17.37256214,-14.90719407
Papaverine,43,COC1=C(C=C(C=C1)CC2=NC=CC3=CC(=C(C=C32)OC)OC)OC,Base,,2.95,891.2509381,7.40,8.07,NA,Pos,-0.22,0.602559586,0.67,0.176138471,2.195854223,2.197225416,2.89,776.2471166,2.876021287,3.096021287,0.694145777,0.692774584,0.001371193,1,1,0,NO,NO, , ,2.197225416,0.692774584,NO, ,10.092,0,3.4981,-2.463623327,-17.84395315,-18.54858987
Penbutolol,44,CC(C)(C)NCC(COC1=CC=CC=C1C2CCCC2)O,Base,,3.61,4073.802778,7.40,9.3,NA,Pos,-0.29,0.512861384,1.90,0.012432735,1.704566686,1.70888806,2.06,114.8153621,1.812744039,2.102744039,0.355433314,0.35111194,0.004321374,1,1,0,NO,NO, , ,1.70888806,0.35111194,NO, ,7.2751,1.5006,2.8122,1.833030593,-14.24682122,-12.41379063
p-F-Deprenyl,45,CC(CC1=CC=C(C=C1)F)N(C)CC#C,Base,,3.06,1148.153621,7.40,7.42,NA,Pos,-0.58,0.263026799,0.02,0.488489109,2.748854885,2.748959053,2.7,501.1872336,#NUM!,#NUM!,0.048854885,0.048959053,-0.000104167,1,1,1,NO,NO, , ,2.748854885,0.048854885,NO, ,6.1892,0,1.4389,-0.103393881,-7.700262906,-7.803656788
Phenazopyridine,46,C1=CC=C(C=C1)N=NC2=C(N=C(C=C2)N)N,Base,,3.31,2041.737945,7.40,5.05,,Pos,1.41,25.70395783,-2.35,0.995553028,3.308064398,3.308088819,3.31,2041.737945,3.31,1.9,0.001935602,0.001911181,2.44215E-05,1,1,0,NO,NO, , ,3.308088819,0.001911181,NO, ,4.1657,3.2441,3.7697,-2.294622371,-15.93556405,-16.7793021
Pindolol,47,CC(C)NCC(COC1=CC=CC2=C1C=CN2)O,Base,,1.89,77.62471166,7.40,9.25,NA,Pos,-2,0.01,1.85,0.013928628,0.03390835,0.037851211,-0.36,0.436515832,#NUM!,#NUM!,0.39390835,0.397851211,-0.00394286,1,1,1,NO,NO, , ,0.03390835,0.39390835,NO, ,6.1737,2.0828,3.5408,0.06460325,-16.92373327,-16.85913002
Primaquine,48,CC(CCCN)NC1=C2C(=CC(=C1)OC)C=CC=N2,Base,,3,1000,7.40,10.03,3.55,Pos,1.14,13.80384265,2.63,0.002338746,0.368983106,1.207103768,1.17,14.79108388,1.096267781,-0.043732219,0.801016894,0.037103768,0.763913126,0,0,0,NO,NO, , ,1.207103768,0.037103768,NO, ,6.8071,1.7653,3.7285,-0.301481836,-16.65532983,-16.95681166
Probenecid,49,CCCN(CCC)S(=O)(=O)C1=CC=C(C=C1)C(=O)O,Acid,,3.7,5011.872336,7.40,3.4,NA,Neg,-0.52,0.301995172,4.00,9.999E-05,-0.300043427,-0.095229241,-0.23,0.588843655,-1.056924617,-0.536924617,0.070043427,0.134770759,-0.064727332,1,1,1,NO,NO, , ,-0.300043427,0.070043427,NO, ,8.8505,1.0629,3.8345,1.132839388,-19.75927342,-13.18398662
Procaine,50,CCN(CC)CCOC(=O)C1=CC=C(C=C1)N,Base,,2.14,138.0384265,7.40,8.05,NA,Pos,-0.81,0.154881662,0.65,0.182921166,1.402263961,1.404435153,0.43,2.691534804,#NUM!,#NUM!,0.972263961,0.974435153,-0.002171192,1,1,1,NO,NO, , ,1.402263961,0.972263961,NO, ,7.2335,1.1875,3.6412,0.885468451,-17.08668738,-12.72552581
Propranolol,51,CC(C)NCC(COC1=CC=CC2=CC=CC=C21)O,Base,,3.41,2570.395783,7.40,9.42,NA,Pos,-1.1,0.079432823,2.02,0.009459588,1.385872199,1.387275279,1.41,25.70395783,0.146853186,1.246853186,0.024127801,0.022724721,0.00140308,1,1,0,NO,NO, , ,1.387275279,0.022724721,NO, ,6.8276,1.5512,2.7501,0.028680688,-13.98881453,-13.96013384
Prostaglandin E1,52,CCCCCC(C=CC1C(CC(=O)C1CCCCCCC(=O)O)O)O,Acid,,3.2,1584.893192,7.40,4.95,NA,Neg,-0.33,0.467735141,2.45,0.003535589,0.748461792,0.783160972,0.78,6.025595861,-0.373082774,-0.043082774,0.031538208,0.003160972,0.028377235,1,1,0,NO,NO, , ,0.783160972,0.003160972,NO, ,11.8414,2.3199,4.7123,3.926888145,-25.46618069,-21.53929254
Prostaglandin E2,53,CCCCCC(C=CC1C(CC(=O)C1CC=CCCCC(=O)O)O)O,Acid,,2.9,794.3282347,7.40,4.9,NA,Neg,-0.54,0.28840315,2.50,0.003152309,0.398628807,0.445831752,0.41,2.570395783,-1.176280285,-0.636280285,0.011371193,0.035831752,-0.024460559,1,1,1,NO,NO, , ,0.398628807,0.011371193,NO, ,11.5645,2.4332,4.5387,3.303226577,-24.65489962,-21.35167304
Pyridoxine,54,CC1=NC=C(C(=C1O)CO)CO,Base,,-0.5,0.316227766,7.40,5.1,9,Pos,-1.33,0.046773514,-2.30,0.995013121,-0.502171192,-0.501849364,-0.51,0.309029543,#NUM!,#NUM!,0.007828808,0.008150636,-0.000321828,1,1,1,NO,NO, , ,-0.502171192,0.007828808,NO, ,4.8179,2.8942,3.4924,0.429230402,-17.61051625,-17.18130975
Quinine,55,COC1=CC2=C(C=CN=C2C=C1)C(C3CC4CCN3CC4C=C)O,Base,,3.5,3162.27766,7.40,5.07,9.7,Pos,0.88,7.58577575,-2.33,0.995344424,3.497973388,3.497978261,2.19,154.8816619,#NUM!,#NUM!,1.307973388,1.307978261,-4.87284E-06,1,1,1,NO,NO, , ,3.497973388,1.307973388,NO, ,9.0593,0.6816,3.3462,-2.260803059,-16.47731836,-18.73812141
Roxithromycin,56,CCC1C(C(C(C(=NOCOCCOC)C(CC(C(C(C(C(C(=O)O1)C)OC2CC(C(C(O2)C)O)(C)OC)C)OC3C(C(CC(O3)C)N(C)C)O)(C)O)C)C)O)(C)O,Base,,3.79,6165.950019,7.40,9.2,NA,Pos,1.02,10.47128548,1.80,0.015601662,1.983170872,2.027378093,1.92,83.17637711,#NUM!,#NUM!,0.063170872,0.107378093,-0.044207222,1,1,1,NO,NO, , ,1.983170872,0.063170872,NO, ,29.4364,4.0799,14.2207,10.70384799,-73.17461759,-49.76046845
Serotonin,57,C1=CC2=C(C=C1O)C(=CN2)CCN,Base,Z,0.53,3.388441561,7.40,9.97,10.73,Pos,-1.66,0.021877616,2.57,0.00268431,-2.041167348,-1.509837533,-2.17,0.00676083,#NUM!,#NUM!,0.128832652,0.660162467,-0.531329816,1,2,1,NO,NO, , ,-2.041167348,0.128832652,NO, ,3.6235,2.4791,2.975,-1.241013384,-13.55927342,-14.80028681
Sotalol,58,CC(C)NCC(C1=CC=C(C=C1)NS(=O)(=O)C)O,Base,,-0.77,0.169824365,7.40,8.29,9.82,Pos,-2.92,0.001202264,0.89,0.114123057,-1.712626602,-1.689393043,-1.19,0.064565423,-1.292383464,1.627616536,0.522626602,0.499393043,0.023233559,1,1,0,NO,NO, , ,-1.689393043,0.499393043,NO, ,7.4156,2.305,4.1293,1.519407266,-20.11718451,-16.5290631
Sulfasalazine,59,C1=CC=NC(=C1)NS(=O)(=O)C2=CC=C(C=C2)N=NC3=CC(=C(C=C3)O)C(=O)O,Acid,Z,3.61,4073.802778,7.40,2.53,7.95,Neg,0.14,1.380384265,4.87,1.34894E-05,-1.260005858,0.156948431,0.08,1.202264435,0.059687049,-0.080312951,1.340005858,0.076948431,1.263057428,0,0,0,NO,NO, , ,0.156948431,0.076948431,NO, ,8.4404,3.2164,5.6786,-3.729134799,-27.83164436,-29.28613767
Tamoxifen,60,CCC(=C(C1=CC=CC=C1)C2=CC=C(C=C2)OCCN(C)C)C3=CC=CC=C3,Base,,5.26,181970.0859,7.40,8.48,NA,Pos,2.96,912.0108394,1.08,0.07678932,4.14530082,4.170711542,4.15,14125.37545,2.216589474,-0.743410526,0.00469918,0.020711542,-0.016012362,1,1,1,NO,NO, , ,4.14530082,0.00469918,NO, ,9.8406,0,1.6037,-1.82999522,-8.750310707,-9.584536329
Terfenadine,61,CC(C)(C)C1=CC=C(C=C1)C(CCCN2CCC(CC2)C(C3=CC=CC=C3)(C4=CC=CC=C4)O)O,Base,,5.52,331131.1215,7.40,8.91,NA,Pos,1.77,58.88436554,1.51,0.029976589,3.996782216,3.999274157,3.61,4073.802778,#NUM!,#NUM!,0.386782216,0.389274157,-0.002491941,1,1,1,NO,NO, , ,3.996782216,0.386782216,NO, ,12.4895,1.3326,2.8902,-0.027318356,-15.7457218,-15.77304015
Timolol,62,CC(C)(C)NCC(COC1=NSN=C1N2CCOCC2)O,Base,,1.98,95.4992586,7.40,9.34,NA,Pos,-1.84,0.014454398,1.94,0.011351207,0.035042041,0.040729749,0.03,1.071519305,#NUM!,#NUM!,0.005042041,0.010729749,-0.005687709,1,1,1,NO,NO, , ,0.035042041,0.005042041,NO, ,8.9773,1.3902,5.4554,1.848016252,-25.03233748,-16.11312141
Trimethoprim,63,COC1=CC(=CC(=C1OC)OC)CC2=CN=C(N=C2N)N,Acid,,0.83,6.760829754,7.40,7.12,NA,Pos,-0.88,0.131825674,0.28,0.344179494,0.366784992,0.382628039,0.63,4.265795188,0.470760613,1.350760613,0.263215008,0.247371961,0.015843047,1,1,0,NO,NO, , ,0.382628039,0.247371961,NO, ,7.3654,3.1447,5.2994,-1.43585086,-24.00296367,-22.72148662
Trovafloxacin,64,C1C2C(C2N)CN1C3=C(C=C4C(=O)C(=CN(C4=N3)C5=C(C=C(C=C5)F)F)C(=O)O)F,Acid,Z,0.15,1.412537545,7.40,5.87,8.09,Pos,-0.65,0.223872114,1.53,0.028666096,-1.392631452,-0.588470342,0.07,1.174897555,0.067399821,0.717399821,1.462631452,0.658470342,0.80416111,0,0,0,NO,NO, , ,-0.588470342,0.658470342,NO, ,9.0079,2.6107,6.267,-3.752963671,-31.0623327,-31.63673518
Verapamil,65,CC(C)C(CCCN(C)CCC1=CC(=C(C=C1)OC)OC)(C#N)C2=CC(=C(C=C2)OC)OC,Base,,4.33,21379.6209,7.40,8.81,NA,Pos,0.71,5.12861384,1.41,0.037447633,2.903424367,2.906093983,2.51,323.5936569,#NUM!,#NUM!,0.393424367,0.396093983,-0.002669616,1,1,1,NO,NO, , ,2.903424367,0.393424367,NO, ,14.2705,0,4.5889,0.328967495,-22.65064532,-20.49890057
Warfarin,66,CC(=O)CC(C1=CC=CC=C1)C2=C(C3=CC=CC=C3OC2=O)O,Acid,,3.54,3467.368505,7.40,4.94,NA,Neg,0.04,1.096478196,2.46,0.003455387,1.078496746,1.116401534,1.12,13.18256739,0.081214716,0.041214716,0.041503254,0.003598466,0.037904789,1,1,0,NO,NO, , ,1.116401534,0.003598466,NO, ,8.8715,0.8232,3.0474,-2.896223709,-16.75076482,-18.01367113
Trimethoprim,67,COC1=CC(=CC(=C1OC)OC)CC2=CN=C(N=C2N)N,Base,,0.91,8.128305162,5.50,7.12,,,-0.92,0.120226443,1.62,0.02342637,-0.720295007,-0.511693775,-0.92,0.120226443,#NUM!,#NUM!,0.199704993,0.408306225,-0.208601232,1,2,1,NO,NO, , ,-0.720295007,0.199704993,NO, ,7.3654,3.1447,5.2994,-1.43585086,-24.00296367,-22.72148662
Trimethoprim,68,COC1=CC(=CC(=C1OC)OC)CC2=CN=C(N=C2N)N,Base,,0.91,8.128305162,6.20,7.12,,,-0.92,0.120226443,0.92,0.10732334,-0.05930582,-0.00891567,-0.4,0.398107171,#NUM!,#NUM!,0.34069418,0.39108433,-0.05039015,1,1,1,NO,NO, , ,-0.05930582,0.34069418,NO, ,7.3654,3.1447,5.2994,-1.43585086,-24.00296367,-22.72148662
Trimethoprim,69,COC1=CC(=CC(=C1OC)OC)CC2=CN=C(N=C2N)N,Base,,0.91,8.128305162,8.50,7.12,,,-0.92,0.120226443,-1.38,0.959981318,0.892262781,0.892530483,0.83,6.760829754,#NUM!,#NUM!,0.062262781,0.062530483,-0.000267701,1,1,1,NO,NO, , ,0.892262781,0.062262781,NO, ,7.3654,3.1447,5.2994,-1.43585086,-24.00296367,-22.72148662
Salicylic acid,70,C1=CC=C(C(=C1)C(=O)O)O,Acid,,2.26,181.9700859,1.00,2.97,,,-0.99,0.102329299,-1.97,0.989398405,2.255371206,2.255373823,2.33,213.796209,3.502970718,4.492970718,0.074628794,0.074626177,2.61688E-06,1,1,0,NO,NO, , ,2.255373823,0.074626177,NO, ,2.8785,2.4576,2.2916,-0.983723709,-12.34103728,-13.32476099
Salicylic acid,71,C1=CC=C(C(=C1)C(=O)O)O,Acid,,2.26,181.9700859,2.00,2.97,,,-0.99,0.102329299,-0.97,0.903218404,2.215792778,2.215818946,2.27,186.2087137,2.353658327,3.343658327,0.054207222,0.054181054,2.6168E-05,1,1,0,NO,NO, , ,2.215818946,0.054181054,NO, ,2.8785,2.4576,2.2916,-0.983723709,-12.34103728,-13.32476099
Salicylic acid,72,C1=CC=C(C(=C1)C(=O)O)O,Acid,,2.26,181.9700859,3.40,2.97,,,-0.99,0.102329299,0.43,0.270890037,1.692793033,1.693449867,1.55,35.48133892,#NUM!,#NUM!,0.142793033,0.143449867,-0.000656834,1,1,1,NO,NO, , ,1.692793033,0.142793033,NO, ,2.8785,2.4576,2.2916,-0.983723709,-12.34103728,-13.32476099
Salicylic acid,73,C1=CC=C(C(=C1)C(=O)O)O,Acid,,2.26,181.9700859,4.50,2.97,,,-0.99,0.102329299,1.53,0.028666096,0.717368548,0.725566005,0.98,9.54992586,0.649475659,1.639475659,0.262631452,0.254433995,0.008197457,1,1,0,NO,NO, , ,0.725566005,0.254433995,NO, ,2.8785,2.4576,2.2916,-0.983723709,-12.34103728,-13.32476099
Salicylic acid,74,C1=CC=C(C(=C1)C(=O)O)O,Acid,,2.26,181.9700859,5.50,2.97,,,-0.99,0.102329299,2.53,0.002942525,-0.271279806,-0.1955336,-0.22,0.602559586,-1.171945773,-0.181945773,0.051279806,0.0244664,0.026813406,1,1,0,NO,NO, , ,-0.1955336,0.0244664,NO, ,2.8785,2.4576,2.2916,-0.983723709,-12.34103728,-13.32476099
Salicylic acid,75,C1=CC=C(C(=C1)C(=O)O)O,Acid,,2.26,181.9700859,6.70,2.97,,,-0.99,0.102329299,3.73,0.000186174,-1.470080862,-0.865860025,-0.86,0.138038426,-0.982216836,0.007783164,0.610080862,0.005860025,0.604220837,0,0,0,NO,NO, , ,-0.865860025,0.005860025,NO, ,2.8785,2.4576,2.2916,-0.983723709,-12.34103728,-13.32476099
Salicylic acid,76,C1=CC=C(C(=C1)C(=O)O)O,Acid,,2.26,181.9700859,7.40,2.97,,,-0.99,0.102329299,4.43,3.71521E-05,-2.170016135,-0.96223068,-0.9,0.125892541,-0.923955568,0.066044432,1.270016135,0.06223068,1.207785455,0,0,0,NO,NO, , ,-0.96223068,0.06223068,NO, ,2.8785,2.4576,2.2916,-0.983723709,-12.34103728,-13.32476099
Salicylic acid,77,C1=CC=C(C(=C1)C(=O)O)O,Acid,,2.26,181.9700859,8.20,2.97,,,-0.99,0.102329299,5.23,5.8884E-06,-2.970002557,-0.985478581,-0.98,0.104712855,-0.984464416,0.005535584,1.990002557,0.005478581,1.984523977,0,0,0,YES,NO,77, ,-0.985478581,0.005478581,NO, ,2.8785,2.4576,2.2916,-0.983723709,-12.34103728,-13.32476099
Salicylic acid,78,C1=CC=C(C(=C1)C(=O)O)O,Acid,,2.26,181.9700859,9.20,2.97,,,-0.99,0.102329299,6.23,5.88843E-07,-3.970000256,-0.989545732,-1.05,0.089125094,-1.050522195,-0.060522195,2.920000256,0.060454268,2.859545987,0,0,0,YES,NO,78, ,-0.989545732,0.060454268,NO, ,2.8785,2.4576,2.2916,-0.983723709,-12.34103728,-13.32476099
Diflunisal,79,C1=CC(=C(C=C1C2=C(C=C(C=C2)F)F)C(=O)O)O,Acid,,4.44,27542.28703,1.00,3.3,,,0.5,3.16227766,-2.30,0.995013121,4.437828808,4.437829058,4.5,31622.7766,5.927261254,5.427261254,0.062171192,0.062170942,2.4991E-07,1,1,0,NO,NO, , ,4.437829058,0.062170942,NO, ,4.7622,2.2375,3.021,-2.01584608,-16.97739006,-18.99323614
Diflunisal,80,C1=CC(=C(C=C1C2=C(C=C(C=C2)F)F)C(=O)O)O,Acid,,4.44,27542.28703,2.00,3.3,,,0.5,3.16227766,-1.30,0.952273279,4.418761598,4.418764097,4.44,27542.28703,4.44,3.94,0.021238402,0.021235903,2.4991E-06,1,1,0,NO,NO, , ,4.418764097,0.021235903,NO, ,4.7622,2.2375,3.021,-2.01584608,-16.97739006,-18.99323614
Diflunisal,81,C1=CC(=C(C=C1C2=C(C=C(C=C2)F)F)C(=O)O)O,Acid,,4.44,27542.28703,3.40,3.3,,,0.5,3.16227766,0.10,0.442688366,4.086098109,4.086160879,3.46,2884.031503,#NUM!,#NUM!,0.626098109,0.626160879,-6.27701E-05,1,1,1,NO,NO, , ,4.086098109,0.626098109,NO, ,4.7622,2.2375,3.021,-2.01584608,-16.97739006,-18.99323614
Diflunisal,82,C1=CC(=C(C=C1C2=C(C=C(C=C2)F)F)C(=O)O)O,Acid,,4.44,27542.28703,4.50,3.3,,,0.5,3.16227766,1.20,0.059350943,3.213427624,3.214217192,2.87,741.3102413,#NUM!,#NUM!,0.343427624,0.344217192,-0.000789568,1,1,1,NO,NO, , ,3.213427624,0.343427624,NO, ,4.7622,2.2375,3.021,-2.01584608,-16.97739006,-18.99323614
Diflunisal,83,C1=CC(=C(C=C1C2=C(C=C(C=C2)F)F)C(=O)O)O,Acid,,4.44,27542.28703,5.50,3.3,,,0.5,3.16227766,2.20,0.006270012,2.237268396,2.245100212,1.84,69.18309709,#NUM!,#NUM!,0.397268396,0.405100212,-0.007831817,1,1,1,NO,NO, , ,2.237268396,0.397268396,NO, ,4.7622,2.2375,3.021,-2.01584608,-16.97739006,-18.99323614
Diflunisal,84,C1=CC(=C(C=C1C2=C(C=C(C=C2)F)F)C(=O)O)O,Acid,,4.44,27542.28703,6.70,3.3,,,0.5,3.16227766,3.40,0.000397949,1.039827139,1.149878917,0.82,6.60693448,#NUM!,#NUM!,0.219827139,0.329878917,-0.110051778,1,1,1,NO,NO, , ,1.039827139,0.219827139,NO, ,4.7622,2.2375,3.021,-2.01584608,-16.97739006,-18.99323614
Diflunisal,85,C1=CC(=C(C=C1C2=C(C=C(C=C2)F)F)C(=O)O)O,Acid,,4.44,27542.28703,7.40,3.3,,,0.5,3.16227766,4.10,7.94265E-05,0.339965504,0.728322475,0.76,5.754399373,0.552314656,0.052314656,0.420034496,0.031677525,0.388356971,0,0,0,NO,NO, , ,0.728322475,0.031677525,NO, ,4.7622,2.2375,3.021,-2.01584608,-16.97739006,-18.99323614
Diflunisal,86,C1=CC(=C(C=C1C2=C(C=C(C=C2)F)F)C(=O)O)O,Acid,,4.44,27542.28703,8.20,3.3,,,0.5,3.16227766,4.90,1.25891E-05,-0.460005467,0.545179697,0.55,3.548133892,0.505345599,0.005345599,1.010005467,0.004820303,1.005185164,0,0,0,NO,NO, , ,0.545179697,0.004820303,NO, ,4.7622,2.2375,3.021,-2.01584608,-16.97739006,-18.99323614
Diflunisal,87,C1=CC(=C(C=C1C2=C(C=C(C=C2)F)F)C(=O)O)O,Acid,,4.44,27542.28703,9.20,3.3,,,0.5,3.16227766,5.90,1.25892E-06,-1.460000547,0.50473548,0.5,3.16227766,0.495212309,-0.004787691,1.960000547,0.00473548,1.955265067,0,0,0,YES,NO,87, ,0.50473548,0.00473548,NO, ,4.7622,2.2375,3.021,-2.01584608,-16.97739006,-18.99323614
Tolmetin,88,CC1=CC=C(C=C1)C(=O)C2=CC=C(N2C)CC(=O)O,Acid,,2.79,616.5950019,1.00,3.5,,,-1.05,0.089125094,-2.50,0.996847691,2.788628807,2.788629006,2.83,676.0829754,4.289763526,5.339763526,0.041371193,0.041370994,1.98511E-07,1,1,0,NO,NO, , ,2.788629006,0.041370994,NO, ,7.7184,1.0285,3.0628,-1.640057361,-15.87471319,-16.74079828
Tolmetin,89,CC1=CC=C(C=C1)C(=O)C2=CC=C(N2C)CC(=O)O,Acid,,2.79,616.5950019,2.00,3.5,,,-1.05,0.089125094,-1.50,0.96934657,2.776479078,2.776481063,2.79,616.5950019,2.79,3.84,0.013520922,0.013518937,1.9851E-06,1,1,0,NO,NO, , ,2.776481063,0.013518937,NO, ,7.7184,1.0285,3.0628,-1.640057361,-15.87471319,-16.74079828
Tolmetin,90,CC1=CC=C(C=C1)C(=O)C2=CC=C(N2C)CC(=O)O,Acid,,2.79,616.5950019,3.40,3.5,,,-1.05,0.089125094,-0.10,0.557311634,2.536098109,2.53614797,2.42,263.0267992,#NUM!,#NUM!,0.116098109,0.11614797,-4.98608E-05,1,1,1,NO,NO, , ,2.536098109,0.116098109,NO, ,7.7184,1.0285,3.0628,-1.640057361,-15.87471319,-16.74079828
Tolmetin,91,CC1=CC=C(C=C1)C(=O)C2=CC=C(N2C)CC(=O)O,Acid,,2.79,616.5950019,4.50,3.5,,,-1.05,0.089125094,1.00,0.090909091,1.748607315,1.749234608,1.96,91.20108394,1.587280858,2.637280858,0.211392685,0.210765392,0.000627293,1,1,0,NO,NO, , ,1.749234608,0.210765392,NO, ,7.7184,1.0285,3.0628,-1.640057361,-15.87471319,-16.74079828
Tolmetin,92,CC1=CC=C(C=C1)C(=O)C2=CC=C(N2C)CC(=O)O,Acid,,2.79,616.5950019,5.50,3.5,,,-1.05,0.089125094,2.00,0.00990099,0.785678626,0.791911155,1.07,11.74897555,0.755914115,1.805914115,0.284321374,0.278088845,0.006232529,1,1,0,NO,NO, , ,0.791911155,0.278088845,NO, ,7.7184,1.0285,3.0628,-1.640057361,-15.87471319,-16.74079828
Tolmetin,93,CC1=CC=C(C=C1)C(=O)C2=CC=C(N2C)CC(=O)O,Acid,,2.79,616.5950019,6.70,3.5,,,-1.05,0.089125094,3.20,0.000630559,-0.410273935,-0.320691393,-0.17,0.676082975,-0.541415916,0.508584084,0.240273935,0.150691393,0.089582542,1,1,0,NO,NO, , ,-0.320691393,0.150691393,NO, ,7.7184,1.0285,3.0628,-1.640057361,-15.87471319,-16.74079828
Tolmetin,94,CC1=CC=C(C=C1)C(=O)C2=CC=C(N2C)CC(=O)O,Acid,,2.79,616.5950019,7.40,3.5,,,-1.05,0.089125094,3.90,0.000125877,-1.110054671,-0.777989335,-0.98,0.104712855,-1.567009464,-0.517009464,0.130054671,0.202010665,-0.071955994,1,1,1,NO,NO, , ,-1.110054671,0.130054671,NO, ,7.7184,1.0285,3.0628,-1.640057361,-15.87471319,-16.74079828
Tolmetin,95,CC1=CC=C(C=C1)C(=O)C2=CC=C(N2C)CC(=O)O,Acid,,2.79,616.5950019,8.20,3.5,,,-1.05,0.089125094,4.70,1.99522E-05,-1.910008665,-0.993851739,-1.03,0.09332543,-1.09138308,-0.04138308,0.880008665,0.036148261,0.843860404,0,0,0,NO,NO, , ,-0.993851739,0.036148261,NO, ,7.7184,1.0285,3.0628,-1.640057361,-15.87471319,-16.74079828
Tolmetin,96,CC1=CC=C(C=C1)C(=O)C2=CC=C(N2C)CC(=O)O,Acid,,2.79,616.5950019,9.20,3.5,,,-1.05,0.089125094,5.70,1.99526E-06,-2.910000867,-1.044046934,-1.05,0.089125094,-1.056035815,-0.006035815,1.860000867,0.005953066,1.8540478,0,0,0,YES,NO,96, ,-1.044046934,0.005953066,NO, ,7.7184,1.0285,3.0628,-1.640057361,-15.87471319,-16.74079828
Naproxen,97,CC(C1=CC2=C(C=C1)C=C(C=C2)OC)C(=O)O,Acid,,3.18,1513.561248,1.00,4.15,,,0.2,1.584893192,-3.15,0.999292555,3.179692652,3.179692974,3.35,2238.721139,6.011381923,5.811381923,0.170307348,0.170307026,3.21947E-07,1,1,0,NO,NO, , ,3.179692974,0.170307026,NO, ,6.7294,1.03,2.4197,-1.500573614,-13.22958891,-14.73016252
Naproxen,98,CC(C1=CC2=C(C=C1)C=C(C=C2)OC)C(=O)O,Acid,,3.18,1513.561248,2.00,4.15,,,0.2,1.584893192,-2.15,0.992970309,3.176936263,3.176939482,3.34,2187.761624,4.988653011,4.788653011,0.163063737,0.163060518,3.21946E-06,1,1,0,NO,NO, , ,3.176939482,0.163060518,NO, ,6.7294,1.03,2.4197,-1.500573614,-13.22958891,-14.73016252
Naproxen,99,CC(C1=CC2=C(C=C1)C=C(C=C2)OC)C(=O)O,Acid,,3.18,1513.561248,3.40,4.15,,,0.2,1.584893192,-0.75,0.849020443,3.108918147,3.108999009,3.05,1122.018454,#NUM!,#NUM!,0.058918147,0.058999009,-8.08619E-05,1,1,1,NO,NO, , ,3.108918147,0.058918147,NO, ,6.7294,1.03,2.4197,-1.500573614,-13.22958891,-14.73016252
Naproxen,100,CC(C1=CC2=C(C=C1)C=C(C=C2)OC)C(=O)O,Acid,,3.18,1513.561248,4.50,4.15,,,0.2,1.584893192,0.35,0.308763848,2.669626444,2.670643338,2.72,524.8074602,1.919848498,1.719848498,0.050373556,0.049356662,0.001016894,1,1,0,NO,NO, , ,2.670643338,0.049356662,NO, ,6.7294,1.03,2.4197,-1.500573614,-13.22958891,-14.73016252
Naproxen,101,CC(C1=CC2=C(C=C1)C=C(C=C2)OC)C(=O)O,Acid,,3.18,1513.561248,5.50,4.15,,,0.2,1.584893192,1.35,0.042758411,1.811021559,1.821084917,2.02,104.7128548,1.620988276,1.420988276,0.208978441,0.198915083,0.010063358,1,1,0,NO,NO, , ,1.821084917,0.198915083,NO, ,6.7294,1.03,2.4197,-1.500573614,-13.22958891,-14.73016252
Naproxen,102,CC(C1=CC2=C(C=C1)C=C(C=C2)OC)C(=O)O,Acid,,3.18,1513.561248,6.70,4.15,,,0.2,1.584893192,2.55,0.002810462,0.628777713,0.765984681,0.79,6.165950019,0.28274281,0.08274281,0.161222287,0.024015319,0.137206967,1,1,0,NO,NO, , ,0.765984681,0.024015319,NO, ,6.7294,1.03,2.4197,-1.500573614,-13.22958891,-14.73016252
Naproxen,103,CC(C1=CC2=C(C=C1)C=C(C=C2)OC)C(=O)O,Acid,,3.18,1513.561248,7.40,4.15,,,0.2,1.584893192,3.25,0.000562025,-0.070244153,0.386438699,0.33,2.13796209,0.109924736,-0.090075264,0.400244153,0.056438699,0.343805454,0,0,0,NO,NO, , ,0.386438699,0.056438699,NO, ,6.7294,1.03,2.4197,-1.500573614,-13.22958891,-14.73016252
Naproxen,104,CC(C1=CC2=C(C=C1)C=C(C=C2)OC)C(=O)O,Acid,,3.18,1513.561248,8.20,4.15,,,0.2,1.584893192,4.05,8.91172E-05,-0.870038705,0.235436583,0.27,1.862087137,0.237382056,0.037382056,1.140038705,0.034563417,1.105475288,0,0,0,NO,NO, , ,0.235436583,0.034563417,NO, ,6.7294,1.03,2.4197,-1.500573614,-13.22958891,-14.73016252
Naproxen,105,CC(C1=CC2=C(C=C1)C=C(C=C2)OC)C(=O)O,Acid,,3.18,1513.561248,9.20,4.15,,,0.2,1.584893192,5.05,8.91243E-06,-1.870003871,0.203676933,0.25,1.77827941,0.246696881,0.046696881,2.120003871,0.046323067,2.073680803,0,0,0,YES,NO,105, ,0.203676933,0.046323067,NO, ,6.7294,1.03,2.4197,-1.500573614,-13.22958891,-14.73016252
Mefenamic acid,106,CC1=C(C(=CC=C1)NC2=CC=CC=C2C(=O)O)C,Acid,,5.12,131825.6739,2.00,4.2,,,0.43,2.691534804,-2.20,0.993729988,5.117268396,5.117268452,4.41,25703.95783,#NUM!,#NUM!,0.707268396,0.707268452,-5.5948E-08,1,1,1,NO,NO, , ,5.117268396,0.707268396,NO, ,6.0303,2.059,2.537,-1.861209369,-13.08826482,-14.94947419
Mefenamic acid,107,CC1=C(C(=CC=C1)NC2=CC=CC=C2C(=O)O)C,Acid,,5.12,131825.6739,3.40,4.2,,,0.43,2.691534804,-0.80,0.863193111,5.056107966,5.056109371,4.29,19498.446,#NUM!,#NUM!,0.766107966,0.766109371,-1.40535E-06,1,1,1,NO,NO, , ,5.056107966,0.766107966,NO, ,6.0303,2.059,2.537,-1.861209369,-13.08826482,-14.94947419
Mefenamic acid,108,CC1=C(C(=CC=C1)NC2=CC=CC=C2C(=O)O)C,Acid,,5.12,131825.6739,4.50,4.2,,,0.43,2.691534804,0.30,0.333860575,4.643565138,4.64358283,3.72,5248.074602,#NUM!,#NUM!,0.923565138,0.92358283,-1.76919E-05,1,1,1,NO,NO, , ,4.643565138,0.923565138,NO, ,6.0303,2.059,2.537,-1.861209369,-13.08826482,-14.94947419
Mefenamic acid,109,CC1=C(C(=CC=C1)NC2=CC=CC=C2C(=O)O)C,Acid,,5.12,131825.6739,5.50,4.2,,,0.43,2.691534804,1.30,0.047726721,3.798761598,3.798938485,2.81,645.654229,#NUM!,#NUM!,0.988761598,0.988938485,-0.000176887,1,1,1,NO,NO, , ,3.798761598,0.988761598,NO, ,6.0303,2.059,2.537,-1.861209369,-13.08826482,-14.94947419
Mefenamic acid,110,CC1=C(C(=CC=C1)NC2=CC=CC=C2C(=O)O)C,Acid,,5.12,131825.6739,6.70,4.2,,,0.43,2.691534804,2.50,0.003152309,2.618628807,2.621423834,1.64,43.65158322,#NUM!,#NUM!,0.978628807,0.981423834,-0.002795027,1,1,1,NO,NO, , ,2.618628807,0.978628807,NO, ,6.0303,2.059,2.537,-1.861209369,-13.08826482,-14.94947419
Mefenamic acid,111,CC1=C(C(=CC=C1)NC2=CC=CC=C2C(=O)O)C,Acid,,5.12,131825.6739,7.40,4.2,,,0.43,2.691534804,3.20,0.000630559,1.919726065,1.933556967,1.03,10.71519305,#NUM!,#NUM!,0.889726065,0.903556967,-0.013830902,1,1,1,NO,NO, , ,1.919726065,0.889726065,NO, ,6.0303,2.059,2.537,-1.861209369,-13.08826482,-14.94947419
Mefenamic acid,112,CC1=C(C(=CC=C1)NC2=CC=CC=C2C(=O)O)C,Acid,,5.12,131825.6739,8.20,4.2,,,0.43,2.691534804,4.00,9.999E-05,1.119956573,1.200645744,0.59,3.89045145,#NUM!,#NUM!,0.529956573,0.610645744,-0.080689172,1,1,1,NO,NO, , ,1.119956573,0.529956573,NO, ,6.0303,2.059,2.537,-1.861209369,-13.08826482,-14.94947419
Mefenamic acid,113,CC1=C(C(=CC=C1)NC2=CC=CC=C2C(=O)O)C,Acid,,5.12,131825.6739,9.20,4.2,,,0.43,2.691534804,5.00,9.9999E-06,0.119995657,0.603117453,0.43,2.691534804,0.137766995,-0.292233005,0.310004343,0.173117453,0.13688689,1,1,0,NO,NO, , ,0.603117453,0.173117453,NO, ,6.0303,2.059,2.537,-1.861209369,-13.08826482,-14.94947419
Diclofenac,114,C1=CC=C(C(=C1)CC(=O)O)NC2=C(C=CC=C2Cl)Cl,Acid,,4.51,32359.36569,1.00,4.15,,,0.75,5.623413252,-3.15,0.999292555,4.509692652,4.509692705,4.43,26915.34804,#NUM!,#NUM!,0.079692652,0.079692705,-5.34299E-08,1,1,1,NO,NO, , ,4.509692652,0.079692652,NO, ,5.4627,2.1938,2.8012,-1.34125239,-14.79655832,-16.13781071
Diclofenac,115,C1=CC=C(C(=C1)CC(=O)O)NC2=C(C=CC=C2Cl)Cl,Acid,,4.51,32359.36569,2.00,4.15,,,0.75,5.623413252,-2.15,0.992970309,4.506936263,4.506936797,4.4,25118.86432,#NUM!,#NUM!,0.106936263,0.106936797,-5.34299E-07,1,1,1,NO,NO, , ,4.506936263,0.106936263,NO, ,5.4627,2.1938,2.8012,-1.34125239,-14.79655832,-16.13781071
Diclofenac,116,C1=CC=C(C(=C1)CC(=O)O)NC2=C(C=CC=C2Cl)Cl,Acid,,4.51,32359.36569,3.40,4.15,,,0.75,5.623413252,-0.75,0.849020443,4.438918147,4.438931568,4.05,11220.18454,#NUM!,#NUM!,0.388918147,0.388931568,-1.34208E-05,1,1,1,NO,NO, , ,4.438918147,0.388918147,NO, ,5.4627,2.1938,2.8012,-1.34125239,-14.79655832,-16.13781071
Diclofenac,117,C1=CC=C(C(=C1)CC(=O)O)NC2=C(C=CC=C2Cl)Cl,Acid,,4.51,32359.36569,4.50,4.15,,,0.75,5.623413252,0.35,0.308763848,3.999626444,3.999795371,3.71,5128.61384,#NUM!,#NUM!,0.289626444,0.289795371,-0.000168927,1,1,1,NO,NO, , ,3.999626444,0.289626444,NO, ,5.4627,2.1938,2.8012,-1.34125239,-14.79655832,-16.13781071
Diclofenac,118,C1=CC=C(C(=C1)CC(=O)O)NC2=C(C=CC=C2Cl)Cl,Acid,,4.51,32359.36569,5.50,4.15,,,0.75,5.623413252,1.35,0.042758411,3.141021559,3.142707882,2.98,954.992586,#NUM!,#NUM!,0.161021559,0.162707882,-0.001686323,1,1,1,NO,NO, , ,3.141021559,0.161021559,NO, ,5.4627,2.1938,2.8012,-1.34125239,-14.79655832,-16.13781071
Diclofenac,119,C1=CC=C(C(=C1)CC(=O)O)NC2=C(C=CC=C2Cl)Cl,Acid,,4.51,32359.36569,6.70,4.15,,,0.75,5.623413252,2.55,0.002810462,1.958777713,1.984762964,1.49,30.90295433,#NUM!,#NUM!,0.468777713,0.494762964,-0.02598525,1,1,1,NO,NO, , ,1.958777713,0.468777713,NO, ,5.4627,2.1938,2.8012,-1.34125239,-14.79655832,-16.13781071
Diclofenac,120,C1=CC=C(C(=C1)CC(=O)O)NC2=C(C=CC=C2Cl)Cl,Acid,,4.51,32359.36569,7.40,4.15,,,0.75,5.623413252,3.25,0.000562025,1.259755847,1.376705295,1.22,16.59586907,#NUM!,#NUM!,0.039755847,0.156705295,-0.116949448,1,1,1,NO,NO, , ,1.259755847,0.039755847,NO, ,5.4627,2.1938,2.8012,-1.34125239,-14.79655832,-16.13781071
Diclofenac,121,C1=CC=C(C(=C1)CC(=O)O)NC2=C(C=CC=C2Cl)Cl,Acid,,4.51,32359.36569,8.20,4.15,,,0.75,5.623413252,4.05,8.91172E-05,0.459961295,0.929760433,0.81,6.45654229,0.553043497,-0.196956503,0.350038705,0.119760433,0.230278272,0,0,0,NO,NO, , ,0.929760433,0.119760433,NO, ,5.4627,2.1938,2.8012,-1.34125239,-14.79655832,-16.13781071
Diclofenac,122,C1=CC=C(C(=C1)CC(=O)O)NC2=C(C=CC=C2Cl)Cl,Acid,,4.51,32359.36569,9.20,4.15,,,0.75,5.623413252,5.05,8.91243E-06,-0.540003871,0.771717067,0.77,5.888436554,0.748194687,-0.001805313,1.310003871,0.001717067,1.308286803,0,0,0,NO,NO, , ,0.771717067,0.001717067,NO, ,5.4627,2.1938,2.8012,-1.34125239,-14.79655832,-16.13781071
Sulindac,123,CC1=C(C2=C(C1=CC3=CC=C(C=C3)S(=O)C)C=CC(=C2)F)CC(=O)O,Acid,,3.42,2630.267992,1.00,4.7,,,-1.16,0.069183097,-3.70,0.999800514,3.419913356,3.419913358,3.5,3162.27766,6.426434288,7.586434288,0.080086644,0.080086642,2.27921E-09,1,1,0,NO,NO, , ,3.419913358,0.080086642,NO, ,9.1536,1.0672,2.915,-2.368809751,-16.50760038,-18.91849904
Sulindac,124,CC1=C(C2=C(C1=CC3=CC=C(C=C3)S(=O)C)C=CC(=C2)F)CC(=O)O,Acid,,3.42,2630.267992,2.00,4.7,,,-1.16,0.069183097,-2.70,0.998008711,3.419134332,3.419134355,3.42,2630.267992,3.42,4.58,0.000865668,0.000865645,2.27921E-08,1,1,0,NO,NO, , ,3.419134355,0.000865645,NO, ,9.1536,1.0672,2.915,-2.368809751,-16.50760038,-18.91849904
Sulindac,125,CC1=C(C2=C(C1=CC3=CC=C(C=C3)S(=O)C)C=CC(=C2)F)CC(=O)O,Acid,,3.42,2630.267992,3.40,4.7,,,-1.16,0.069183097,-1.30,0.952273279,3.398761598,3.398762171,2.85,707.9457844,#NUM!,#NUM!,0.548761598,0.548762171,-5.72511E-07,1,1,1,NO,NO, , ,3.398761598,0.548761598,NO, ,9.1536,1.0672,2.915,-2.368809751,-16.50760038,-18.91849904
Sulindac,126,CC1=C(C2=C(C1=CC3=CC=C(C=C3)S(=O)C)C=CC(=C2)F)CC(=O)O,Acid,,3.42,2630.267992,4.50,4.7,,,-1.16,0.069183097,-0.20,0.61313682,3.207557397,3.207564605,2.75,562.3413252,#NUM!,#NUM!,0.457557397,0.457564605,-7.20743E-06,1,1,1,NO,NO, , ,3.207557397,0.457557397,NO, ,9.1536,1.0672,2.915,-2.368809751,-16.50760038,-18.91849904
Sulindac,127,CC1=C(C2=C(C1=CC3=CC=C(C=C3)S(=O)C)C=CC(=C2)F)CC(=O)O,Acid,,3.42,2630.267992,5.50,4.7,,,-1.16,0.069183097,0.80,0.136806889,2.556107966,2.556180035,1.89,77.62471166,#NUM!,#NUM!,0.666107966,0.666180035,-7.2069E-05,1,1,1,NO,NO, , ,2.556107966,0.666107966,NO, ,9.1536,1.0672,2.915,-2.368809751,-16.50760038,-18.91849904
Sulindac,128,CC1=C(C2=C(C1=CC3=CC=C(C=C3)S(=O)C)C=CC(=C2)F)CC(=O)O,Acid,,3.42,2630.267992,6.70,4.7,,,-1.16,0.069183097,2.00,0.00990099,1.415678626,1.416819437,0.69,4.897788194,#NUM!,#NUM!,0.725678626,0.726819437,-0.001140811,1,1,1,NO,NO, , ,1.415678626,0.725678626,NO, ,9.1536,1.0672,2.915,-2.368809751,-16.50760038,-18.91849904
Sulindac,129,CC1=C(C2=C(C1=CC3=CC=C(C=C3)S(=O)C)C=CC(=C2)F)CC(=O)O,Acid,,3.42,2630.267992,7.40,4.7,,,-1.16,0.069183097,2.70,0.001991289,0.719134332,0.724822041,-0.6,0.251188643,#NUM!,#NUM!,1.319134332,1.324822041,-0.005687709,1,1,1,NO,NO, , ,0.719134332,1.319134332,NO, ,9.1536,1.0672,2.915,-2.368809751,-16.50760038,-18.91849904
Sulindac,130,CC1=C(C2=C(C1=CC3=CC=C(C=C3)S(=O)C)C=CC(=C2)F)CC(=O)O,Acid,,3.42,2630.267992,8.20,4.7,,,-1.16,0.069183097,3.50,0.000316128,-0.080137314,-0.045438134,-0.66,0.218776162,#NUM!,#NUM!,0.579862686,0.614561866,-0.03469918,1,1,1,NO,NO, , ,-0.080137314,0.579862686,NO, ,9.1536,1.0672,2.915,-2.368809751,-16.50760038,-18.91849904
Indomethacin,131,CC1=C(C2=C(N1C(=O)C3=CC=C(C=C3)Cl)C=CC(=C2)OC)CC(=O)O,Acid,,4.27,18620.87137,2.00,4.5,,,0.35,2.238721139,-2.50,0.996847691,4.268628807,4.268628972,4.27,18620.87137,4.27,3.92,0.001371193,0.001371028,1.65114E-07,1,1,0,NO,NO, , ,4.268628972,0.001371028,NO, ,9.2901,1.0609,3.9391,-2.638097514,-20.68833652,-21.95102772
Indomethacin,132,CC1=C(C2=C(N1C(=O)C3=CC=C(C=C3)Cl)C=CC(=C2)OC)CC(=O)O,Acid,,4.27,18620.87137,3.40,4.5,,,0.31,2.041737945,-1.10,0.926412444,4.23680438,4.236808163,3.96,9120.108394,#NUM!,#NUM!,0.27680438,0.276808163,-3.78253E-06,1,1,1,NO,NO, , ,4.23680438,0.27680438,NO, ,9.2901,1.0609,3.9391,-2.638097514,-20.68833652,-21.95102772
Indomethacin,133,CC1=C(C2=C(N1C(=O)C3=CC=C(C=C3)Cl)C=CC(=C2)OC)CC(=O)O,Acid,,4.27,18620.87137,4.50,4.5,,,0.31,2.041737945,0.00,0.5,3.968970004,3.969017621,3.86,7244.359601,#NUM!,#NUM!,0.108970004,0.109017621,-4.76168E-05,1,1,1,NO,NO, , ,3.968970004,0.108970004,NO, ,9.2901,1.0609,3.9391,-2.638097514,-20.68833652,-21.95102772
Indomethacin,134,CC1=C(C2=C(N1C(=O)C3=CC=C(C=C3)Cl)C=CC(=C2)OC)CC(=O)O,Acid,,4.27,18620.87137,5.50,4.5,,,0.31,2.041737945,1.00,0.090909091,3.228607315,3.229083248,2.79,616.5950019,#NUM!,#NUM!,0.438607315,0.439083248,-0.000475934,1,1,1,NO,NO, , ,3.228607315,0.438607315,NO, ,9.2901,1.0609,3.9391,-2.638097514,-20.68833652,-21.95102772
Indomethacin,135,CC1=C(C2=C(N1C(=O)C3=CC=C(C=C3)Cl)C=CC(=C2)OC)CC(=O)O,Acid,,4.27,18620.87137,6.70,4.5,,,0.31,2.041737945,2.20,0.006270012,2.067268396,2.074750741,1.35,22.38721139,#NUM!,#NUM!,0.717268396,0.724750741,-0.007482346,1,1,1,NO,NO, , ,2.067268396,0.717268396,NO, ,9.2901,1.0609,3.9391,-2.638097514,-20.68833652,-21.95102772
Indomethacin,136,CC1=C(C2=C(N1C(=O)C3=CC=C(C=C3)Cl)C=CC(=C2)OC)CC(=O)O,Acid,,4.27,18620.87137,7.40,4.5,,,0.31,2.041737945,2.90,0.001257343,1.3694536,1.405721641,0.91,8.128305162,#NUM!,#NUM!,0.4594536,0.495721641,-0.036268041,1,1,1,NO,NO, , ,1.3694536,0.4594536,NO, ,9.2901,1.0609,3.9391,-2.638097514,-20.68833652,-21.95102772
Indomethacin,137,CC1=C(C2=C(N1C(=O)C3=CC=C(C=C3)Cl)C=CC(=C2)OC)CC(=O)O,Acid,,4.27,18620.87137,8.20,4.5,,,0.31,2.041737945,3.70,0.000199486,0.569913356,0.760116392,0.51,3.235936569,#NUM!,#NUM!,0.059913356,0.250116392,-0.190203037,1,1,1,NO,NO, , ,0.569913356,0.059913356,NO, ,9.2901,1.0609,3.9391,-2.638097514,-20.68833652,-21.95102772
Indomethacin,138,CC1=C(C2=C(N1C(=O)C3=CC=C(C=C3)Cl)C=CC(=C2)OC)CC(=O)O,Acid,,4.27,18620.87137,9.20,4.5,,,0.31,2.041737945,4.70,1.99522E-05,-0.430008665,0.38259782,0.35,2.238721139,0.271197951,-0.038802049,0.780008665,0.03259782,0.747410845,0,0,0,NO,NO, , ,0.38259782,0.03259782,NO, ,9.2901,1.0609,3.9391,-2.638097514,-20.68833652,-21.95102772
Ibuprofen,139,CC(C)CC1=CC=C(C=C1)C(C)C(=O)O,Acid,,3.97,9332.543008,2.00,5.2,,,-0.41,0.389045145,-3.20,0.999369441,3.969726065,3.969726077,3.5,3162.27766,#NUM!,#NUM!,0.469726065,0.469726077,-1.14231E-08,1,1,1,NO,NO, , ,3.969726065,0.469726065,NO, ,5.925,0.9679,1.752,0.66333652,-9.754086998,-9.090726577
Ibuprofen,140,CC(C)CC1=CC=C(C=C1)C(C)C(=O)O,Acid,,3.97,9332.543008,4.50,5.2,,,-0.41,0.389045145,-0.70,0.833662469,3.89099025,3.890993863,3.28,1905.460718,#NUM!,#NUM!,0.61099025,0.610993863,-3.61229E-06,1,1,1,NO,NO, , ,3.89099025,0.61099025,NO, ,5.925,0.9679,1.752,0.66333652,-9.754086998,-9.090726577
Ibuprofen,141,CC(C)CC1=CC=C(C=C1)C(C)C(=O)O,Acid,,3.97,9332.543008,7.40,5.2,,,-0.41,0.389045145,2.20,0.006270012,1.767268396,1.770128314,1.07,11.74897555,#NUM!,#NUM!,0.697268396,0.700128314,-0.002859918,1,1,1,NO,NO, , ,1.767268396,0.697268396,NO, ,5.925,0.9679,1.752,0.66333652,-9.754086998,-9.090726577
Fluphenamic acid,142,C1=CC=C(C(=C1)C(=O)O)NC2=CC=CC(=C2)C(F)(F)F,Acid,,5.25,177827.941,2.00,3.97,,,1.77,58.88436554,-1.97,0.989398405,5.245371206,5.245372747,5.25,177827.941,5.25,3.48,0.004628794,0.004627253,1.54093E-06,1,1,0,NO,NO, , ,5.245372747,0.004627253,NO, ,5.8917,2.271,3.4561,-1.477390057,-18.70511472,-17.97464149
Fluphenamic acid,143,C1=CC=C(C(=C1)C(=O)O)NC2=CC=CC(=C2)C(F)(F)F,Acid,,5.25,177827.941,4.50,3.97,,,1.77,58.88436554,0.53,0.227871327,4.607689681,4.608176694,4.1,12589.25412,#NUM!,#NUM!,0.507689681,0.508176694,-0.000487013,1,1,1,NO,NO, , ,4.607689681,0.507689681,NO, ,5.8917,2.271,3.4561,-1.477390057,-18.70511472,-17.97464149
Fluphenamic acid,144,C1=CC=C(C(=C1)C(=O)O)NC2=CC=CC(=C2)C(F)(F)F,Acid,,5.25,177827.941,7.40,3.97,,,1.77,58.88436554,3.43,0.000371397,1.819838674,2.096587831,2.02,104.7128548,1.587513574,-0.182486426,0.200161326,0.076587831,0.123573495,1,1,0,NO,NO, , ,2.096587831,0.076587831,NO, ,5.8917,2.271,3.4561,-1.477390057,-18.70511472,-17.97464149
Indoprofen,145,CC(C1=CC=C(C=C1)N2CC3=CC=CC=C3C2=O)C(=O)O,Acid,,2.77,588.8436554,2.00,4.6,,,-1.12,0.075857758,-2.60,0.997494407,2.768910469,2.76891061,2.77,588.8436554,2.77,3.89,0.001089531,0.00108939,1.40535E-07,1,1,0,NO,NO, , ,2.76891061,0.00108939,NO, ,8.0508,1.0522,3.1166,-2.782695985,-16.33597036,-17.54770554
Indoprofen,146,CC(C1=CC=C(C=C1)N2CC3=CC=CC=C3C2=O)C(=O)O,Acid,,2.77,588.8436554,4.50,4.6,,,-1.12,0.075857758,-0.10,0.557311634,2.516098109,2.516142548,2.27,186.2087137,#NUM!,#NUM!,0.246098109,0.246142548,-4.44388E-05,1,1,1,NO,NO, , ,2.516098109,0.246098109,NO, ,8.0508,1.0522,3.1166,-2.782695985,-16.33597036,-17.54770554
Indoprofen,147,CC(C1=CC=C(C=C1)N2CC3=CC=CC=C3C2=O)C(=O)O,Acid,,2.77,588.8436554,7.40,4.6,,,-1.12,0.075857758,2.80,0.001582385,-0.030687765,0.00325163,-0.38,0.416869383,#NUM!,#NUM!,0.349312235,0.38325163,-0.033939396,1,1,1,NO,NO, , ,-0.030687765,0.349312235,NO, ,8.0508,1.0522,3.1166,-2.782695985,-16.33597036,-17.54770554
Ketoprofene,148,CC(C1=CC(=CC=C1)C(=O)C2=CC=CC=C2)C(=O)O,Acid,,3.12,1318.256739,2.00,3.98,,,-0.95,0.112201845,-1.98,0.989637226,3.115476023,3.11547641,3.12,1318.256739,3.12,4.07,0.004523977,0.00452359,3.87065E-07,1,1,0,NO,NO, , ,3.11547641,0.00452359,NO, ,7.4658,1.0493,2.4763,-1.885970363,-13.7833652,-15.66935946
Ketoprofene,149,CC(C1=CC(=CC=C1)C(=O)C2=CC=CC=C2)C(=O)O,Acid,,3.12,1318.256739,4.50,3.98,,,-0.95,0.112201845,0.52,0.231947997,2.485390626,2.48551301,2.53,338.8441561,1.634137408,2.584137408,0.044609374,0.04448699,0.000122384,1,1,0,NO,NO, , ,2.48551301,0.04448699,NO, ,7.4658,1.0493,2.4763,-1.885970363,-13.7833652,-15.66935946
Ketoprofene,150,CC(C1=CC(=CC=C1)C(=O)C2=CC=CC=C2)C(=O)O,Acid,,3.12,1318.256739,7.40,3.98,,,-0.95,0.112201845,3.42,0.000380045,-0.300165083,-0.212429043,-0.25,0.562341325,-1.212058824,-0.262058824,0.050165083,0.037570957,0.012594126,1,1,0,NO,NO, , ,-0.212429043,0.037570957,NO, ,7.4658,1.0493,2.4763,-1.885970363,-13.7833652,-15.66935946
15421,151,C1COC(C2=CC=CC=C21)C3CSC(=N3)N,Base,,2.04,109.6478196,1.6,8.2,10.8,,0.22,1.659586907,9.2,6.30957E-10,-7.16,0.220000018,0.22,1.659586907,0.219999982,-1.78304E-08,7.38,1.78304E-08,7.379999982,0,0,0,YES,NO,151, ,0.220000018,1.78304E-08,NO, ,5.6279,1.5006,2.7275,-1.04251912,-12.74225621,-12.22129541
15421,152,C1COC(C2=CC=CC=C21)C3CSC(=N3)N,Base,,2.04,109.6478196,2.35,8.2,10.8,,0.22,1.659586907,5.85,1.41254E-06,-3.810000613,0.220039915,1.24,17.37800829,1.239996743,1.019996743,5.050000613,1.019960085,4.030040529,0,0,0,YES,NO,152, ,0.220039915,1.019960085,NO, ,5.6279,1.5006,2.7275,-1.04251912,-12.74225621,-12.22129541
15421,153,C1COC(C2=CC=CC=C21)C3CSC(=N3)N,Base,,2.04,109.6478196,7.4,8.2,10.8,,0.22,1.659586907,0.8,0.136806889,1.176107966,1.215720054,1.79,61.65950019,1.732826745,1.512826745,0.613892034,0.574279946,0.039612088,1,1,0,NO,NO, , ,1.215720054,0.574279946,NO, ,5.6279,1.5006,2.7275,-1.04251912,-12.74225621,-12.22129541
1774,154,CC(C)C(C)NC(CO)C(C1=CC=CC=C1)O,Base,,1.61,40.73802778,5.5,9.04,,,-0.86,0.138038426,3.54,0.00028832,-1.930125234,-0.824649946,-0.86,0.138038426,-0.898496042,-0.038496042,1.070125234,0.035350054,1.034775179,0,0,0,NO,NO, , ,-0.824649946,0.035350054,NO, ,6.4686,2.2555,3.023,2.181333652,-15.36419694,-13.18286329
1774,155,CC(C)C(C)NC(CO)C(C1=CC=CC=C1)O,Base,,1.61,40.73802778,6.2,9.04,,,-0.86,0.138038426,2.84,0.001443353,-1.230627293,-0.706331309,-0.55,0.281838293,-0.650992056,0.209007944,0.680627293,0.156331309,0.524295985,0,0,0,NO,NO, , ,-0.706331309,0.156331309,NO, ,6.4686,2.2555,3.023,2.181333652,-15.36419694,-13.18286329
1774,156,CC(C)C(C)NC(CO)C(C1=CC=CC=C1)O,Base,,1.61,40.73802778,7.4,9.04,,,-0.86,0.138038426,1.64,0.022395622,-0.039836862,0.020071294,-0.16,0.691830971,#NUM!,#NUM!,0.120163138,0.180071294,-0.059908157,1,1,1,NO,NO, , ,-0.039836862,0.120163138,NO, ,6.4686,2.2555,3.023,2.181333652,-15.36419694,-13.18286329
1774,157,CC(C)C(C)NC(CO)C(C1=CC=CC=C1)O,Base,,1.61,40.73802778,8,9.04,,,-0.86,0.138038426,1.04,0.083578623,0.532095211,0.547938258,1.12,13.18256739,1.028143235,1.888143235,0.587904789,0.572061742,0.015843047,1,1,0,NO,NO, , ,0.547938258,0.572061742,NO, ,6.4686,2.2555,3.023,2.181333652,-15.36419694,-13.18286329
1774,158,CC(C)C(C)NC(CO)C(C1=CC=CC=C1)O,Base,,1.61,40.73802778,9.2,9.04,,,-0.86,0.138038426,-0.16,0.591075596,1.381643029,1.382659923,1.42,26.30267992,0.735379623,1.595379623,0.038356971,0.037340077,0.001016894,1,1,0,NO,NO, , ,1.382659923,0.037340077,NO, ,6.4686,2.2555,3.023,2.181333652,-15.36419694,-13.18286329
1774,159,CC(C)C(C)NC(CO)C(C1=CC=CC=C1)O,Base,,1.61,40.73802778,10.1,9.04,,,-0.86,0.138038426,-1.06,0.919881657,1.573731959,1.573860109,1.5,31.6227766,#NUM!,#NUM!,0.073731959,0.073860109,-0.00012815,1,1,1,NO,NO, , ,1.573731959,0.073731959,NO, ,6.4686,2.2555,3.023,2.181333652,-15.36419694,-13.18286329
1774,160,CC(C)C(C)NC(CO)C(C1=CC=CC=C1)O,Base,,1.61,40.73802778,11,9.04,,,-0.86,0.138038426,-1.96,0.989154141,1.605263973,1.605280109,1.61,40.73802778,1.61,2.47,0.004736027,0.004719891,1.61353E-05,1,1,0,NO,NO, , ,1.605280109,0.004719891,NO, ,6.4686,2.2555,3.023,2.181333652,-15.36419694,-13.18286329
1923,161,CC(=O)NC1=CC=C(C=C1)S(=O)(=O)N,Acid,,-0.18,0.660693448,7.4,10.28,13.9,,-2.18,0.006606934,-2.88,0.998683479,-0.180572135,-0.18056641,-0.21,0.616595002,#NUM!,#NUM!,0.029427865,0.02943359,-5.72508E-06,1,1,1,NO,NO, , ,-0.180572135,0.029427865,NO, ,5.0177,2.6847,3.7117,-0.179804015,-17.84242352,-16.39512428
1923,162,CC(=O)NC1=CC=C(C=C1)S(=O)(=O)N,Acid,,-0.18,0.660693448,10.1,10.28,13.9,,-2.18,0.006606934,-0.18,0.602158093,-0.400289472,-0.397429554,-0.36,0.436515832,-1.012292272,1.167707728,0.040289472,0.037429554,0.002859918,1,1,0,NO,NO, , ,-0.397429554,0.037429554,NO, ,5.0177,2.6847,3.7117,-0.179804015,-17.84242352,-16.39512428
1923,163,CC(=O)NC1=CC=C(C=C1)S(=O)(=O)N,Acid,,-0.18,0.660693448,11,10.28,13.9,,-2.18,0.006606934,0.72,0.160049305,-0.975746206,-0.953532047,-0.96,0.10964782,-2.33271148,-0.15271148,0.015746206,0.006467953,0.009278253,1,1,0,NO,NO, , ,-0.953532047,0.006467953,NO, ,5.0177,2.6847,3.7117,-0.179804015,-17.84242352,-16.39512428
1923,164,CC(=O)NC1=CC=C(C=C1)S(=O)(=O)N,Acid,,-0.18,0.660693448,12,10.28,13.9,,-2.18,0.006606934,1.72,0.018698318,-1.908197457,-1.724982449,-2.18,0.006606934,#NUM!,#NUM!,0.271802543,0.455017551,-0.183215008,1,1,1,NO,NO, , ,-1.908197457,0.271802543,NO, ,5.0177,2.6847,3.7117,-0.179804015,-17.84242352,-16.39512428
2151,165,CC(C)NC(CO)C(C1=CC=CC=C1)O,Base,,1.19,15.48816619,6.2,8.7,,,-2.15,0.007079458,2.5,0.003152309,-1.311371193,-1.252738709,-2.15,0.007079458,#NUM!,#NUM!,0.838628807,0.897261291,-0.058632484,1,1,1,NO,NO, , ,-1.311371193,0.838628807,NO, ,5.6672,2.4076,2.9553,1.648876673,-14.98238528,-13.3335086
2151,166,CC(C)NC(CO)C(C1=CC=CC=C1)O,Base,,1.19,15.48816619,7.4,8.7,,,-2.15,0.007079458,1.3,0.047726721,-0.131238402,-0.127295542,-0.89,0.128824955,#NUM!,#NUM!,0.758761598,0.762704458,-0.00394286,1,1,1,NO,NO, , ,-0.131238402,0.758761598,NO, ,5.6672,2.4076,2.9553,1.648876673,-14.98238528,-13.3335086
2151,167,CC(C)NC(CO)C(C1=CC=CC=C1)O,Base,,1.19,15.48816619,8,8.7,,,-2.15,0.007079458,0.7,0.166337531,0.41099025,0.411984024,-0.07,0.851138038,#NUM!,#NUM!,0.48099025,0.481984024,-0.000993773,1,1,1,NO,NO, , ,0.41099025,0.48099025,NO, ,5.6672,2.4076,2.9553,1.648876673,-14.98238528,-13.3335086
2151,168,CC(C)NC(CO)C(C1=CC=CC=C1)O,Base,,1.19,15.48816619,8.5,8.7,,,-2.15,0.007079458,0.2,0.38686318,0.777557397,0.777871902,0.19,1.548816619,#NUM!,#NUM!,0.587557397,0.587871902,-0.000314505,1,1,1,NO,NO, , ,0.777557397,0.587557397,NO, ,5.6672,2.4076,2.9553,1.648876673,-14.98238528,-13.3335086
2151,169,CC(C)NC(CO)C(C1=CC=CC=C1)O,Base,,1.19,15.48816619,9.2,8.7,,,-2.15,0.007079458,-0.5,0.759746927,1.070668952,1.070731722,0.63,4.265795188,#NUM!,#NUM!,0.440668952,0.440731722,-6.27701E-05,1,1,1,NO,NO, , ,1.070668952,0.440668952,NO, ,5.6672,2.4076,2.9553,1.648876673,-14.98238528,-13.3335086
2151,170,CC(C)NC(CO)C(C1=CC=CC=C1)O,Base,,1.19,15.48816619,10.1,8.7,,,-2.15,0.007079458,-1.4,0.961713496,1.173045711,1.173053614,0.82,6.60693448,#NUM!,#NUM!,0.353045711,0.353053614,-7.90279E-06,1,1,1,NO,NO, , ,1.173045711,0.353045711,NO, ,5.6672,2.4076,2.9553,1.648876673,-14.98238528,-13.3335086
2151,171,CC(C)NC(CO)C(C1=CC=CC=C1)O,Base,,1.19,15.48816619,11,8.7,,,-2.15,0.007079458,-2.3,0.995013121,1.187828808,1.187829803,1.19,15.48816619,1.19,3.34,0.002171192,0.002170197,9.9491E-07,1,1,0,NO,NO, , ,1.187829803,0.002170197,NO, ,5.6672,2.4076,2.9553,1.648876673,-14.98238528,-13.3335086
703,172,CC(CC1=CC=C(C=C1)F)NC,Base,,2.15,141.2537545,7.4,10.2,,,-0.86,0.138038426,2.8,0.001582385,-0.650687765,-0.442086534,-0.75,0.177827941,#NUM!,#NUM!,0.099312235,0.307913466,-0.208601232,1,2,1,NO,NO, , ,-0.650687765,0.099312235,NO, ,4.5434,0.5031,1.6295,0.790391969,-8.281357553,-7.490989484
703,173,CC(CC1=CC=C(C=C1)F)NC,Base,,2.15,141.2537545,8,10.2,,,-0.86,0.138038426,2.2,0.006270012,-0.052731604,0.009805881,0.24,1.737800829,-0.06675844,0.79324156,0.292731604,0.230194119,0.062537485,1,1,0,NO,NO, , ,0.009805881,0.230194119,NO, ,4.5434,0.5031,1.6295,0.790391969,-8.281357553,-7.490989484
703,174,CC(CC1=CC=C(C=C1)F)NC,Base,,2.15,141.2537545,8.5,10.2,,,-0.86,0.138038426,1.7,0.019562304,0.441420001,0.462186332,0.5,3.16227766,-0.390415767,0.469584233,0.058579999,0.037813668,0.020766331,1,1,0,NO,NO, , ,0.462186332,0.037813668,NO, ,4.5434,0.5031,1.6295,0.790391969,-8.281357553,-7.490989484
703,175,CC(CC1=CC=C(C=C1)F)NC,Base,,2.15,141.2537545,10.1,10.2,,,-0.86,0.138038426,0.1,0.442688366,1.796098109,1.796632079,1.73,53.70317964,#NUM!,#NUM!,0.066098109,0.066632079,-0.000533971,1,1,1,NO,NO, , ,1.796098109,0.066098109,NO, ,4.5434,0.5031,1.6295,0.790391969,-8.281357553,-7.490989484
703,176,CC(CC1=CC=C(C=C1)F)NC,Base,,2.15,141.2537545,11,10.2,,,-0.86,0.138038426,-0.8,0.863193111,2.086107966,2.086175225,2.15,141.2537545,2.15,3.01,0.063892034,0.063824775,6.7259E-05,1,1,0,NO,NO, , ,2.086175225,0.063824775,NO, ,4.5434,0.5031,1.6295,0.790391969,-8.281357553,-7.490989484
720,177,CC(CC1=CC=C(C=C1)N)NC,Base,,0.81,6.45654229,7.4,10.3,4.6,,-4,0.0001,2.9,0.001257343,-2.0905464,-2.085236011,-2.07,0.00851138,-3.404734861,0.595265139,0.0205464,0.015236011,0.00531039,1,1,0,NO,NO, , ,-2.085236011,0.015236011,NO, ,3.8045,1.5518,2.2019,0.566586998,-9.433150096,-8.866563098
720,178,CC(CC1=CC=C(C=C1)N)NC,Base,,0.81,6.45654229,8,10.3,4.6,,-4,0.0001,2.3,0.004986879,-1.492171192,-1.490831163,-1.39,0.040738028,-2.066369192,1.933630808,0.102171192,0.100831163,0.001340029,1,1,0,NO,NO, , ,-1.490831163,0.100831163,NO, ,3.8045,1.5518,2.2019,0.566586998,-9.433150096,-8.866563098
720,179,CC(CC1=CC=C(C=C1)N)NC,Base,,0.81,6.45654229,8.5,10.3,4.6,,-4,0.0001,1.8,0.015601662,-0.996829128,-0.996404927,-0.98,0.104712855,-2.393280953,1.606719047,0.016829128,0.016404927,0.000424201,1,1,0,NO,NO, , ,-0.996404927,0.016404927,NO, ,3.8045,1.5518,2.2019,0.566586998,-9.433150096,-8.866563098
720,180,CC(CC1=CC=C(C=C1)N)NC,Base,,0.81,6.45654229,9.2,10.3,4.6,,-4,0.0001,1.1,0.073587556,-0.32319562,-0.323110948,-0.34,0.45708819,#NUM!,#NUM!,0.01680438,0.016889052,-8.46724E-05,1,1,1,NO,NO, , ,-0.32319562,0.01680438,NO, ,3.8045,1.5518,2.2019,0.566586998,-9.433150096,-8.866563098
720,181,CC(CC1=CC=C(C=C1)N)NC,Base,,0.81,6.45654229,10.1,10.3,4.6,,-4,0.0001,0.2,0.38686318,0.397557397,0.397568058,0.33,2.13796209,#NUM!,#NUM!,0.067557397,0.067568058,-1.06605E-05,1,1,1,NO,NO, , ,0.397557397,0.067557397,NO, ,3.8045,1.5518,2.2019,0.566586998,-9.433150096,-8.866563098
720,182,CC(CC1=CC=C(C=C1)N)NC,Base,,0.81,6.45654229,11,10.3,4.6,,-4,0.0001,-0.7,0.833662469,0.73099025,0.730991592,0.81,6.45654229,0.81,4.81,0.07900975,0.079008408,1.3421E-06,1,1,0,NO,NO, , ,0.730991592,0.079008408,NO, ,3.8045,1.5518,2.2019,0.566586998,-9.433150096,-8.866563098
954,183,C1OC2=C(O1)C=C(C(=C2)C(=O)O)N,Acid,Z,0.9,7.943282347,1.6,4.8,1.9,,-2.5,0.003162278,-3.2,0.999369441,0.899726065,0.899726174,-0.09,0.812830516,#NUM!,#NUM!,0.989726065,0.989726174,-1.0909E-07,1,1,1,NO,NO, , ,0.899726065,0.989726065,NO, ,3.4243,3.104,3.6582,-1.945554493,-18.07246654,-17.96510516
954,184,C1OC2=C(O1)C=C(C(=C2)C(=O)O)N,Acid,Z,0.9,7.943282347,2.35,4.8,1.9,,-2.5,0.003162278,-2.45,0.996464411,0.898461792,0.898462406,0.73,5.370317964,#NUM!,#NUM!,0.168461792,0.168462406,-6.13457E-07,1,1,1,NO,NO, , ,0.898461792,0.168461792,NO, ,3.4243,3.104,3.6582,-1.945554493,-18.07246654,-17.96510516
954,185,C1OC2=C(O1)C=C(C(=C2)C(=O)O)N,Acid,Z,0.9,7.943282347,5.5,4.8,1.9,,-2.5,0.003162278,0.7,0.166337531,0.12099025,0.121855918,0.5,3.16227766,0.344066295,2.844066295,0.37900975,0.378144082,0.000865668,1,1,0,NO,NO, , ,0.121855918,0.378144082,NO, ,3.4243,3.104,3.6582,-1.945554493,-18.07246654,-17.96510516
954,186,C1OC2=C(O1)C=C(C(=C2)C(=O)O)N,Acid,Z,0.9,7.943282347,6.2,4.8,1.9,,-2.5,0.003162278,1.4,0.038286504,-0.516954289,-0.512632915,0.4,2.511886432,0.360907315,2.860907315,0.916954289,0.912632915,0.004321374,1,1,0,NO,NO, , ,-0.512632915,0.912632915,NO, ,3.4243,3.104,3.6582,-1.945554493,-18.07246654,-17.96510516
954,187,C1OC2=C(O1)C=C(C(=C2)C(=O)O)N,Acid,Z,0.9,7.943282347,8,4.8,1.9,,-2.5,0.003162278,3.2,0.000630559,-2.300273935,-2.087831332,-0.72,0.190546072,-0.731294693,1.768705307,1.580273935,1.367831332,0.212442603,0,0,0,YES,NO,187, ,-2.087831332,1.367831332,NO, ,3.4243,3.104,3.6582,-1.945554493,-18.07246654,-17.96510516
954,188,C1OC2=C(O1)C=C(C(=C2)C(=O)O)N,Acid,Z,0.9,7.943282347,8.5,4.8,1.9,,-2.5,0.003162278,3.7,0.000199486,-2.800086644,-2.323651782,-2.01,0.009772372,-2.086746385,0.413253615,0.790086644,0.313651782,0.476434862,0,0,0,NO,NO, , ,-2.323651782,0.313651782,NO, ,3.4243,3.104,3.6582,-1.945554493,-18.07246654,-17.96510516
ACS0393,189,CCOC1=CC=C(C=C1)C(=O)O,Acid,,1.8,63.09573445,5.5,4.4,,,-1.7,0.019952623,1.1,0.073587556,0.66680438,0.668529905,1.4,25.11886432,1.344436571,3.044436571,0.73319562,0.731470095,0.001725525,1,1,0,NO,NO, , ,0.668529905,0.731470095,NO, ,4.9676,1.0721,2.3322,-0.475334608,-12.51828394,-12.99364245
ACS0393,190,CCOC1=CC=C(C=C1)C(=O)O,Acid,,1.8,63.09573445,6.2,4.4,,,-1.7,0.019952623,1.8,0.015601662,-0.006829128,0.001750871,0.25,1.77827941,-0.093415424,1.606584576,0.256829128,0.248249129,0.008579999,1,1,0,NO,NO, , ,0.001750871,0.248249129,NO, ,4.9676,1.0721,2.3322,-0.475334608,-12.51828394,-12.99364245
BAS85763,191,C1=CC(=CC=C1C(=O)O)OC2=CC=C(C=C2)C(=O)O,Acid,,2.42,263.0267992,2.35,4,4.6,,-2.02,0.009549926,-1.65,0.978103001,2.410384592,2.410384945,2.42,263.0267992,2.42,4.44,0.009615408,0.009615055,3.53008E-07,1,1,0,NO,NO, , ,2.410384945,0.009615055,NO, ,6.3306,2.2968,3.6596,-2.572203633,-19.73114245,-22.30334608
BAS85763,192,C1=CC(=CC=C1C(=O)O)OC2=CC=C(C=C2)C(=O)O,Acid,,2.42,263.0267992,4.5,4,4.6,,-2.02,0.009549926,0.5,0.240253073,1.800668952,1.800718813,2.18,151.3561248,2.064618038,4.084618038,0.379331048,0.379281187,4.98608E-05,1,1,0,NO,NO, , ,1.800718813,0.379281187,NO, ,6.3306,2.2968,3.6596,-2.572203633,-19.73114245,-22.30334608
BAS85763,193,C1=CC(=CC=C1C(=O)O)OC2=CC=C(C=C2)C(=O)O,Acid,,2.42,263.0267992,5.5,4,4.6,,-2.02,0.009549926,1.5,0.03065343,0.906479078,0.906977429,1.24,17.37800829,0.982719386,3.002719386,0.333520922,0.333022571,0.000498351,1,1,0,NO,NO, , ,0.906977429,0.333022571,NO, ,6.3306,2.2968,3.6596,-2.572203633,-19.73114245,-22.30334608
BAS85763,194,C1=CC(=CC=C1C(=O)O)OC2=CC=C(C=C2)C(=O)O,Acid,,2.42,263.0267992,6.2,4,4.6,,-2.02,0.009549926,2.2,0.006270012,0.217268396,0.219760337,0.94,8.7096359,0.85156427,2.87156427,0.722731604,0.720239663,0.002491941,1,1,0,NO,NO, , ,0.219760337,0.720239663,NO, ,6.3306,2.2968,3.6596,-2.572203633,-19.73114245,-22.30334608
BAS85763,195,C1=CC(=CC=C1C(=O)O)OC2=CC=C(C=C2)C(=O)O,Acid,,2.42,263.0267992,10.1,4,4.6,,-2.02,0.009549926,6.1,7.94328E-07,-3.680000345,-2.010601459,-2.02,0.009549926,-2.02960645,-0.00960645,1.660000345,0.009398541,1.650601804,0,0,0,YES,NO,195, ,-2.010601459,0.009398541,NO, ,6.3306,2.2968,3.6596,-2.572203633,-19.73114245,-22.30334608
Benzoxazinone,196,C1C(=O)NC2=CC=CC=C2O1,Acid,,1.31,20.41737945,8,11.63,,,0.34,2.187761624,-3.63,0.999765632,1.309898203,1.309909112,1.31,20.41737945,1.31,0.97,0.000101797,9.08878E-05,1.09088E-05,1,1,0,NO,NO, , ,1.309909112,9.08878E-05,NO, ,3.9434,0.9617,2.1227,-1.796343212,-10.58090344,-11.42853728
Benzoxazinone,197,C1C(=O)NC2=CC=CC=C2O1,Acid,,1.31,20.41737945,11,11.63,,,0.34,2.187761624,-0.63,0.810095159,1.218536037,1.229310262,1.3,19.95262315,1.25454972,0.91454972,0.081463963,0.070689738,0.010774226,1,1,0,NO,NO, , ,1.229310262,0.070689738,NO, ,3.9434,0.9617,2.1227,-1.796343212,-10.58090344,-11.42853728
Benzoxazinone,198,C1C(=O)NC2=CC=CC=C2O1,Acid,,1.31,20.41737945,12,11.63,,,0.34,2.187761624,0.37,0.299022601,0.785704015,0.883026809,1.09,12.30268771,0.9465076,0.6065076,0.304295985,0.206973191,0.097322794,1,1,0,NO,NO, , ,0.883026809,0.206973191,NO, ,3.9434,0.9617,2.1227,-1.796343212,-10.58090344,-11.42853728
Benzoxazinone,199,C1C(=O)NC2=CC=CC=C2O1,Acid,,1.31,20.41737945,13,11.63,,,0.34,2.187761624,1.37,0.0409127,-0.07814186,0.467398603,0.34,2.187761624,0.149257139,-0.190742861,0.41814186,0.127398603,0.290743256,0,0,0,NO,NO, , ,0.467398603,0.127398603,NO, ,3.9434,0.9617,2.1227,-1.796343212,-10.58090344,-11.42853728
6-ipr-benzox.,200,CC(C)NCC(COC1=CC2=C(C=C1)OCC(=O)N2)O,Base,,1.26,18.19700859,7.4,9.26,11.4,,-2.8,0.001584893,1.86,0.013615891,-0.605953933,-0.603222329,-1.05,0.089125094,#NUM!,#NUM!,0.444046067,0.446777671,-0.002731604,1,1,1,NO,NO, , ,-0.605953933,0.444046067,NO, ,7.7581,2.3831,4.8144,0.218833652,-23.51419694,-22.26484226
6-ipr-benzox.,201,CC(C)NCC(COC1=CC2=C(C=C1)OCC(=O)N2)O,Base,,1.26,18.19700859,10.1,9.26,11.4,,-2.8,0.001584893,-0.84,0.873710421,1.201367516,1.201372983,1.1,12.58925412,#NUM!,#NUM!,0.101367516,0.101372983,-5.46741E-06,1,1,1,NO,NO, , ,1.201367516,0.101367516,NO, ,7.7581,2.3831,4.8144,0.218833652,-23.51419694,-22.26484226
6-ipr-benzox.,202,CC(C)NCC(COC1=CC2=C(C=C1)OCC(=O)N2)O,Base,,1.26,18.19700859,10.4,9.26,11.4,,-2.8,0.001584893,-1.14,0.932449971,1.22962554,1.22962828,1.25,17.7827941,1.081528857,3.881528857,0.02037446,0.02037172,2.7402E-06,1,1,0,NO,NO, , ,1.22962828,0.02037172,NO, ,7.7581,2.3831,4.8144,0.218833652,-23.51419694,-22.26484226
6-ipr-benzox.,203,CC(C)NCC(COC1=CC2=C(C=C1)OCC(=O)N2)O,Base,,1.26,18.19700859,11,9.26,11.4,,-2.8,0.001584893,-1.74,0.982128205,1.252168183,1.252168872,1.26,18.19700859,1.26,4.06,0.007831817,0.007831128,6.8831E-07,1,1,0,NO,NO, , ,1.252168872,0.007831128,NO, ,7.7581,2.3831,4.8144,0.218833652,-23.51419694,-22.26484226
6-ipr-benzox.,204,CC(C)NCC(COC1=CC2=C(C=C1)OCC(=O)N2)O,Base,,1.26,18.19700859,12,9.26,11.4,,-2.8,0.001584893,-2.74,0.998183604,1.259210432,1.259210501,0.91,8.128305162,#NUM!,#NUM!,0.349210432,0.349210501,-6.8831E-08,1,1,1,NO,NO, , ,1.259210432,0.349210432,NO, ,7.7581,2.3831,4.8144,0.218833652,-23.51419694,-22.26484226
6-tbut-benzox.,205,CC(C)(C)NCC(COC1=CC2=C(C=C1)OCC(=O)N2)O,Base,,1.54,34.67368505,7.4,9.4,11.4,,-2.6,0.002511886,2,0.00990099,-0.464321374,-0.46118653,-0.74,0.181970086,#NUM!,#NUM!,0.275678626,0.27881347,-0.003134844,1,1,1,NO,NO, , ,-0.464321374,0.275678626,NO, ,7.9154,2.3216,4.8778,0.488001912,-23.81180688,-22.28458413
6-tbut-benzox.,206,CC(C)(C)NCC(COC1=CC2=C(C=C1)OCC(=O)N2)O,Base,,1.54,34.67368505,11,9.4,11.4,,-2.6,0.002511886,-1.6,0.975496632,1.529225774,1.529226565,1.54,34.67368505,1.54,4.14,0.010774226,0.010773435,7.90285E-07,1,1,0,NO,NO, , ,1.529226565,0.010773435,NO, ,7.9154,2.3216,4.8778,0.488001912,-23.81180688,-22.28458413
N-ipr-benzox.,207,CC(C)NCC(CN1C(=O)COC2=CC=CC=C21)O,Base,,1.44,27.54228703,7.4,9.8,,,-2.8,0.001584893,2.4,0.003965286,-0.961725525,-0.955492996,-0.87,0.134896288,-1.588624435,1.211375565,0.091725525,0.085492996,0.006232529,1,1,0,NO,NO, , ,-0.955492996,0.085492996,NO, ,7.6115,1.4533,3.9382,0.291108987,-19.18183556,-15.82373327
N-ipr-benzox.,208,CC(C)NCC(CN1C(=O)COC2=CC=CC=C21)O,Base,,1.44,27.54228703,12,9.8,,,-2.8,0.001584893,-2.2,0.993729988,1.437268396,1.437268553,1.44,27.54228703,1.44,4.24,0.002731604,0.002731447,1.57683E-07,1,1,0,NO,NO, , ,1.437268553,0.002731447,NO, ,7.6115,1.4533,3.9382,0.291108987,-19.18183556,-15.82373327
Celiprolol,209,CCN(CC)C(=O)NC1=CC(=C(C=C1)OCC(CNC(C)(C)C)O)C(=O)C,Base,,1.92,83.17637711,5.5,9.66,,,-1.8,0.015848932,4.16,6.91783E-05,-2.240030045,-1.665509319,-1.8,0.015848932,-1.995866616,-0.195866616,0.440030045,0.134490681,0.305539364,0,0,0,NO,NO, , ,-1.665509319,0.134490681,NO, ,11.6339,2.069,5.9775,2.466802103,-28.76931166,-24.34435946
nor-Fluoxetine,210,C1=CC=C(C=C1)C(CCN)OC2=CC=C(C=C2)C(F)(F)F,Base,,3.7,5011.872336,5.5,10,,,0.59,3.89045145,4.5,3.16218E-05,-0.800013733,0.60732769,0.59,3.89045145,0.571951545,-0.018048455,1.390013733,0.01732769,1.372686043,0,0,0,NO,NO, , ,0.60732769,0.01732769,NO, ,7.6927,1.2085,3.1449,-0.20917782,-16.82839388,-14.34861377
Promethazine,211,CC(CN1C2=CC=CC=C2SC3=CC=CC=C31)N(C)C,Base,,4.75,56234.13252,5.5,9.11,,,0.99,9.77237221,3.61,0.000245411,1.139893406,1.372367487,0.99,9.77237221,#NUM!,#NUM!,0.149893406,0.382367487,-0.232474081,1,2,1,NO,NO, , ,1.139893406,0.149893406,NO, ,6.8744,0,1.9047,-1.289746654,-8.817853728,-8.983413002
Aprindine,212,CCN(CC)CCCN(C1CC2=CC=CC=C2C1)C3=CC=CC=C3,Base,,4.86,72443.59601,5,9.95,5.2,,-0.09,0.812830516,4.95,1.12201E-05,-0.090004873,0.211025123,-0.09,0.812830516,-5.04,-4.95,4.87284E-06,0.301025123,-0.30102025,1,2,1,NO,NO, , ,-0.090004873,4.87284E-06,NO, ,8.5992,0,1.7487,-0.325908222,-8.248207457,-8.574115679
Flecainide,213,C1CCNC(C1)CNC(=O)C2=C(C=CC(=C2)OCC(F)(F)F)OCC(F)(F)F,Base,,3.78,6025.595861,5,9.53,,,-0.75,0.177827941,4.53,2.95112E-05,-0.750012817,-0.448982821,-0.75,0.177827941,-5.28,-4.53,1.28167E-05,0.301017179,-0.301004362,1,2,1,NO,NO, , ,-0.750012817,1.28167E-05,NO, ,11.5535,1.7436,6.0053,2.010086042,-31.54481358,-22.00203155
Propafenone,214,CCCNCC(COC1=CC=CC=C1C(=O)CCC2=CC=CC=C2)O,Base,,4.63,42657.95188,5,9.62,,,0.01,1.023292992,4.62,2.39878E-05,0.009989582,0.311019578,0.01,1.023292992,-4.61,-4.62,1.04179E-05,0.301019578,-0.30100916,1,2,1,NO,NO, , ,0.009989582,1.04179E-05,NO, ,10.4429,1.4649,3.6691,0.335372849,-19.0582218,-18.72287285
Quinacainol,216,CC(C)(C)C1=NC2=CC=CC=C2C(=C1)C(CCC3CCNCC3)O,Base,,3.63,4265.795188,7.4,10.73,,,0.3,1.995262315,3.33,0.000467516,0.299796913,0.600826908,0.3,1.995262315,-3.03,-3.33,0.000203087,0.300826908,-0.300623821,1,2,1,NO,NO, , ,0.299796913,0.000203087,NO, ,8.436,1.1152,2.9255,0.606572658,-13.97868069,-13.37210803
Indecainide,217,CC(C)NCCCC1(C2=CC=CC=C2C3=CC=CC=C31)C(=O)N,Base,,3.11,1288.249552,7.4,10.87,,,-0.36,0.436515832,3.47,0.000338729,-0.360147133,-0.059117138,-0.36,0.436515832,-3.83,-3.47,0.000147133,0.300882862,-0.300735729,1,2,1,NO,NO, , ,-0.360147133,0.000147133,NO, ,7.2381,1.855,2.964,-1.198804971,-13.9123327,-15.11113767
Disopyramide,219,CC(C)N(CCC(C1=CC=CC=C1)(C2=CC=CC=N2)C(=O)N)C(C)C,Base,,2.58,380.1893963,7.4,10.66,,,-0.68,0.208929613,3.26,0.000549239,-0.680238597,-0.379208601,-0.68,0.208929613,-3.94,-3.26,0.000238597,0.300791399,-0.300552802,1,2,1,NO,NO, , ,-0.680238597,0.000238597,NO, ,9.3259,1.3872,3.5205,0.424617591,-16.26051625,-15.83592256
Mexiletine,220,CC1=C(C(=CC=C1)C)OCC(C)N,Base,,2.15,141.2537545,7.4,9.19,,,0.35,2.238721139,1.79,0.015959272,0.353013074,0.649071851,0.35,2.238721139,#NUM!,#NUM!,0.003013074,0.299071851,-0.296058777,1,2,1,NO,NO, , ,0.353013074,0.003013074,NO, ,4.8096,0.9381,1.9552,0.760277247,-9.232839388,-8.472562141
Atenolol,225,CC(C)NCC(COC1=CC=C(C=C1)CC(=O)N)O,Base,,0.78,6.025595861,7.4,9.6,,,-2.8,0.001584893,2.2,0.006270012,-1.422731604,-1.404994386,-1.42,0.03801894,-3.62,-0.82,0.002731604,0.015005614,-0.01227401,1,1,1,NO,NO, , ,-1.422731604,0.002731604,NO, ,7.5433,2.981,4.6215,1.410301147,-22.31324092,-20.90291587
Thioridazine,226,CN1CCCCC1CCN2C3=CC=CC=C3SC4=C2C=C(C=C4)SC,Base,,5.99,977237.221,5,9.59,,,1.4,25.11886432,4.59,2.57033E-05,1.399988837,1.701018833,1.4,25.11886432,-3.19,-4.59,1.11629E-05,0.301018833,-0.30100767,1,2,1,NO,NO, , ,1.399988837,1.11629E-05,NO, ,8.2817,0,2.2479,-0.925143403,-10.75592734,-11.42136711
Thiethylperazine,227,CCSC1=CC2=C(C=C1)SC3=CC=CC=C3N2CCCN4CCN(CC4)C,Base,,5.18,151356.1248,5,8.12,,,2,100,3.12,0.000758003,2.059670679,2.331736015,2.06,114.8153621,-1.06,-3.06,0.000329321,0.271736015,-0.271406694,1,2,1,NO,NO, , ,2.059670679,0.000329321,NO, ,9.4905,0,3.0752,-0.397777247,-14.15179254,-13.40693117
Levomepromazine,228,CC(CN1C2=CC=CC=C2SC3=C1C=C(C=C3)OC)CN(C)C,Base,,4.86,72443.59601,5,9.19,,,0.67,4.677351413,4.19,6.45613E-05,0.66997196,0.971001956,0.67,4.677351413,-3.52,-4.19,2.80395E-05,0.301001956,-0.300973917,1,2,1,NO,NO, , ,0.66997196,2.80395E-05,NO, ,8.2967,0,2.6833,-0.861830784,-12.80286807,-13.38613767
Alimemazine,229,CC(CN1C2=CC=CC=C2SC3=CC=CC=C31)CN(C)C,Base,,4.81,64565.4229,5,9.11,,,0.7,5.011872336,4.11,7.76187E-05,0.699966289,1.000996285,0.7,5.011872336,-3.41,-4.11,3.37107E-05,0.300996285,-0.300962574,1,2,1,NO,NO, , ,0.699966289,3.37107E-05,NO, ,7.0126,0,1.8952,-1.025860421,-8.778226577,-9.536759082
Fluphenazine,230,C1CN(CCN1CCCN2C3=CC=CC=C3SC4=C2C=C(C=C4)C(F)(F)F)CCO,Base,,4.79,61659.50019,5,8.1,,,1.69,48.97788194,3.1,0.000793698,1.689655165,1.99068516,1.69,48.97788194,-1.41,-3.1,0.000344835,0.30068516,-0.300340325,1,2,1,NO,NO, , ,1.689655165,0.000344835,NO, ,11.1644,0.7418,4.7815,0.092734226,-24.08926864,-19.92774857
Sulforidazine,232,CN1CCCCC1CCN2C3=CC=CC=C3SC4=C2C=C(C=C4)S(=O)(=O)C,Base,,4.45,28183.82931,5,9.51,,,-0.06,0.87096359,4.51,3.0902E-05,-0.060013421,0.241016575,-0.06,0.87096359,-4.57,-4.51,1.34208E-05,0.301016575,-0.301003154,1,2,1,NO,NO, , ,-0.060013421,1.34208E-05,NO, ,10.5785,0,3.3724,-1.107528681,-16.65867591,-15.12523901
Acetic acid,242,CC(=O)O,Acid,,-0.26,0.549540874,1.2,4.76,,,-1.39,0.040738028,-3.56,0.999724653,-0.260119598,-0.260110731,-0.28,0.52480746,#NUM!,#NUM!,0.019880402,0.019889269,-8.86706E-06,1,1,1,NO,NO,0,0,-0.260119598,0.019880402,NO,0,2.1559,1.1505,1.4698,0.714459847,-7.692423518,-6.977963671
Acetic acid,243,CC(=O)O,Acid,,-0.26,0.549540874,4.3,4.76,,,-1.39,0.040738028,-0.46,0.742535559,-0.389282744,-0.378260712,-0.48,0.331131121,#NUM!,#NUM!,0.090717256,0.101739288,-0.011022031,1,1,1,NO,NO,0,0,-0.389282744,0.090717256,NO,0,2.1559,1.1505,1.4698,0.714459847,-7.692423518,-6.977963671
Acetic acid,244,CC(=O)O,Acid,,-0.26,0.549540874,7,4.76,,,-1.39,0.040738028,2.24,0.005721476,-2.502491941,-1.360024399,-1.29,0.051286138,-1.314984349,0.075015651,1.212491941,0.070024399,1.142467542,0,0,0,NO,NO,0,0,-1.360024399,0.070024399,NO,0,2.1559,1.1505,1.4698,0.714459847,-7.692423518,-6.977963671
Acetic acid,245,CC(=O)O,Acid,,-0.26,0.549540874,9,4.76,,,-1.39,0.040738028,4.24,5.75407E-05,-4.50002499,-1.389688001,-1.41,0.038904514,-1.410328141,-0.020328141,3.09002499,0.020311999,3.069712992,0,0,0,YES,NO,245,0,-1.389688001,0.020311999,NO,0,2.1559,1.1505,1.4698,0.714459847,-7.692423518,-6.977963671
Acetic acid,246,CC(=O)O,Acid,,-0.26,0.549540874,13.2,4.76,,,-1.39,0.040738028,8.44,3.63078E-09,-8.700000002,-1.38999998,-1.53,0.029512092,-1.530000028,-0.140000028,7.170000002,0.14000002,7.029999982,0,0,0,YES,NO,246,0,-1.38999998,0.14000002,NO,0,2.1559,1.1505,1.4698,0.714459847,-7.692423518,-6.977963671
Benzimidazole,252,C1=CC=C2C(=C1)NC=N2,Base,,1.35,22.38721139,0.6,5.5,,,-0.94,0.114815362,4.9,1.25891E-05,-3.550005467,-0.938940707,-1.08,0.083176377,-1.081468594,-0.141468594,2.470005467,0.141059293,2.328946175,0,0,0,YES,NO,252,0,-0.938940707,0.141059293,NO,0,2.7736,0.7338,1.5594,-1.959440727,-6.773279159,-8.732719885
Benzimidazole,253,C1=CC=C2C(=C1)NC=N2,Base,,1.35,22.38721139,2.2,5.5,,,-0.94,0.114815362,3.3,0.000500936,-1.950217608,-0.899724559,-0.91,0.123026877,-0.95129276,-0.01129276,1.040217608,0.010275441,1.029942167,0,0,0,NO,NO,0,0,-0.899724559,0.010275441,NO,0,2.7736,0.7338,1.5594,-1.959440727,-6.773279159,-8.732719885
Benzimidazole,254,C1=CC=C2C(=C1)NC=N2,Base,,1.35,22.38721139,3.4,5.5,,,-0.94,0.114815362,2.1,0.007880684,-0.753436095,-0.537097505,-0.5,0.316227766,-0.85105291,0.08894709,0.253436095,0.037097505,0.21633859,0,0,0,NO,NO,0,0,-0.537097505,0.037097505,NO,0,2.7736,0.7338,1.5594,-1.959440727,-6.773279159,-8.732719885
Benzimidazole,255,C1=CC=C2C(=C1)NC=N2,Base,,1.35,22.38721139,5.3,5.5,,,-0.94,0.114815362,0.2,0.38686318,0.937557397,0.941073206,0.91,8.128305162,#NUM!,#NUM!,0.027557397,0.031073206,-0.003515809,1,1,1,NO,NO,0,0,0.937557397,0.027557397,NO,0,2.7736,0.7338,1.5594,-1.959440727,-6.773279159,-8.732719885
Benzimidazole,256,C1=CC=C2C(=C1)NC=N2,Base,,1.35,22.38721139,7.4,5.5,,,-0.94,0.114815362,-1.9,0.987567265,1.344566686,1.344594725,1.35,22.38721139,1.35,2.29,0.005433314,0.005405275,2.80395E-05,1,1,0,NO,NO,0,0,1.344594725,0.005405275,NO,0,2.7736,0.7338,1.5594,-1.959440727,-6.773279159,-8.732719885
Benzimidazole,257,C1=CC=C2C(=C1)NC=N2,Base,,1.35,22.38721139,8.2,5.5,,,-0.94,0.114815362,-2.7,0.998008711,1.349134332,1.349138776,1.32,20.89296131,#NUM!,#NUM!,0.029134332,0.029138776,-4.44408E-06,1,1,1,NO,NO,0,0,1.349134332,0.029134332,NO,0,2.7736,0.7338,1.5594,-1.959440727,-6.773279159,-8.732719885
Benzimidazole,258,C1=CC=C2C(=C1)NC=N2,Base,,1.35,22.38721139,9.2,5.5,,,-0.94,0.114815362,-3.7,0.999800514,1.349913356,1.3499138,1.32,20.89296131,#NUM!,#NUM!,0.029913356,0.0299138,-4.4441E-07,1,1,1,NO,NO,0,0,1.349913356,0.029913356,NO,0,2.7736,0.7338,1.5594,-1.959440727,-6.773279159,-8.732719885
Benzimidazole,259,C1=CC=C2C(=C1)NC=N2,Base,,1.35,22.38721139,10.9,5.5,,,-0.94,0.114815362,-5.4,0.999996019,1.349998271,1.34999828,1.35,22.38721139,1.35,2.29,1.72895E-06,1.72009E-06,8.86716E-09,1,1,0,NO,NO,0,0,1.34999828,1.72009E-06,NO,0,2.7736,0.7338,1.5594,-1.959440727,-6.773279159,-8.732719885
Benzoic acid,260,C1=CC=C(C=C1)C(=O)O,Acid,,1.95,89.12509381,1,4.2,,,-1.95,0.011220185,-3.2,0.999369441,1.949726065,1.9497261,1.96,91.20108394,3.529099592,5.479099592,0.010273935,0.0102739,3.44972E-08,1,1,0,NO,NO,0,0,1.9497261,0.0102739,NO,0,3.2824,1.1001,1.5719,-0.904684512,-8.621940727,-9.526625239
Benzoic acid,261,C1=CC=C(C=C1)C(=O)O,Acid,,1.95,89.12509381,5.5,4.2,,,-1.95,0.011220185,1.3,0.047726721,0.628761598,0.629851129,0.68,4.786300923,-0.252317682,1.697682318,0.051238402,0.050148871,0.001089531,1,1,0,NO,NO,0,0,0.629851129,0.050148871,NO,0,3.2824,1.1001,1.5719,-0.904684512,-8.621940727,-9.526625239
Benzoic acid,262,C1=CC=C(C=C1)C(=O)O,Acid,,1.95,89.12509381,7.2,4.2,,,-1.95,0.011220185,3,0.000999001,-1.050434077,-0.998937135,-1.03,0.09332543,-2.367172177,-0.417172177,0.020434077,0.031062865,-0.010628787,1,1,1,NO,NO,0,0,-1.050434077,0.020434077,NO,0,3.2824,1.1001,1.5719,-0.904684512,-8.621940727,-9.526625239
Benzoic acid,263,C1=CC=C(C=C1)C(=O)O,Acid,,1.95,89.12509381,7.4,4.2,,,-1.95,0.011220185,3.2,0.000630559,-1.250273935,-1.171264185,-1.21,0.0616595,-2.262467676,-0.312467676,0.040273935,0.038735815,0.00153812,1,1,0,NO,NO,0,0,-1.171264185,0.038735815,NO,0,3.2824,1.1001,1.5719,-0.904684512,-8.621940727,-9.526625239
Benzoic acid,264,C1=CC=C(C=C1)C(=O)O,Acid,,1.95,89.12509381,10.8,4.2,,,-1.95,0.011220185,6.6,2.51189E-07,-4.650000109,-1.949134441,-1.94,0.011481536,-1.940847524,0.009152476,2.710000109,0.009134441,2.700865668,0,0,0,YES,NO,264,0,-1.949134441,0.009134441,NO,0,3.2824,1.1001,1.5719,-0.904684512,-8.621940727,-9.526625239
Imidazole,270,C1=CN=CN1,Base,,-0.1,0.794328235,0.5,6.97,,,-2.74,0.001819701,6.47,3.38844E-07,-6.570000147,-2.739935915,-2.72,0.001905461,-2.720061203,0.019938797,3.850000147,0.019935915,3.830064232,0,0,0,YES,NO,270,0,-2.739935915,0.019935915,NO,0,1.879,0.7313,1.5531,-0.672777247,-6.554302103,-7.22707935
Imidazole,271,C1=CN=CN1,Base,,-0.1,0.794328235,2.6,6.97,,,-2.74,0.001819701,4.37,4.26561E-05,-4.470018526,-2.732005955,-2.45,0.003548134,-2.454148707,0.285851293,2.020018526,0.282005955,1.738012571,0,0,0,YES,NO,271,0,-2.732005955,0.282005955,NO,0,1.879,0.7313,1.5531,-0.672777247,-6.554302103,-7.22707935
Imidazole,272,C1=CN=CN1,Base,,-0.1,0.794328235,5.6,6.97,,,-2.74,0.001819701,1.37,0.0409127,-1.48814186,-1.465423569,-1.28,0.052480746,-1.681205421,1.058794579,0.20814186,0.185423569,0.022718291,1,1,0,NO,NO,0,0,-1.465423569,0.185423569,NO,0,1.879,0.7313,1.5531,-0.672777247,-6.554302103,-7.22707935
Imidazole,273,C1=CN=CN1,Base,,-0.1,0.794328235,7,6.97,,,-2.74,0.001819701,-0.03,0.517262524,-0.386288985,-0.385361471,-0.39,0.407380278,#NUM!,#NUM!,0.003711015,0.004638529,-0.000927514,1,1,1,NO,NO,0,0,-0.386288985,0.003711015,NO,0,1.879,0.7313,1.5531,-0.672777247,-6.554302103,-7.22707935
Imidazole,274,C1=CN=CN1,Base,,-0.1,0.794328235,7.4,6.97,,,-2.74,0.001819701,-0.43,0.729109963,-0.237206967,-0.23683748,-0.22,0.602559586,-1.063448088,1.676551912,0.017206967,0.01683748,0.000369487,1,1,0,NO,NO,0,0,-0.23683748,0.01683748,NO,0,1.879,0.7313,1.5531,-0.672777247,-6.554302103,-7.22707935
Imidazole,275,C1=CN=CN1,Base,,-0.1,0.794328235,9.1,6.97,,,-2.74,0.001819701,-2.13,0.992641447,-0.103207595,-0.10320022,-0.086,0.820351544,0.63656807,3.37656807,0.017207595,0.01720022,7.37532E-06,1,1,0,NO,NO,0,0,-0.10320022,0.01720022,NO,0,1.879,0.7313,1.5531,-0.672777247,-6.554302103,-7.22707935
Imidazole,276,C1=CN=CN1,Base,,-0.1,0.794328235,10.7,6.97,,,-2.74,0.001819701,-3.73,0.999813826,-0.100080862,-0.100080677,-0.15,0.707945784,#NUM!,#NUM!,0.049919138,0.049919323,-1.85261E-07,1,1,1,NO,NO,0,0,-0.100080862,0.049919138,NO,0,1.879,0.7313,1.5531,-0.672777247,-6.554302103,-7.22707935
Imidazole,277,C1=CN=CN1,Base,,-0.1,0.794328235,13.4,6.97,,,-2.74,0.001819701,-6.43,0.999999628,-0.100000161,-0.100000161,-0.086,0.820351544,4.845367615,7.585367615,0.014000161,0.014000161,3.69645E-10,1,1,0,NO,NO,0,0,-0.100000161,0.014000161,NO,0,1.879,0.7313,1.5531,-0.672777247,-6.554302103,-7.22707935
Isophthalic acid,278,C1=CC(=CC(=C1)C(=O)O)C(=O)O,Acid,,1.69,48.97788194,1.4,3.54,4.6,,-1.96,0.010964782,-2.14,0.992807744,1.686865156,1.68686586,1.66,45.70881896,#NUM!,#NUM!,0.026865156,0.02686586,-7.04343E-07,1,1,1,NO,NO,0,0,1.686865156,0.026865156,NO,0,3.6316,2.4109,2.8786,-1.115965583,-15.35889101,-16.4748566
Isophthalic acid,279,C1=CC(=CC(=C1)C(=O)O)C(=O)O,Acid,,1.69,48.97788194,4.6,3.54,4.6,,-1.96,0.010964782,1.06,0.080118343,0.593731959,0.594846835,0.76,5.754399373,0.298807554,2.258807554,0.166268041,0.165153165,0.001114876,1,1,0,NO,NO,0,0,0.594846835,0.165153165,NO,0,3.6316,2.4109,2.8786,-1.115965583,-15.35889101,-16.4748566
Isophthalic acid,280,C1=CC(=CC(=C1)C(=O)O)C(=O)O,Acid,,1.69,48.97788194,7.1,3.54,4.6,,-1.96,0.010964782,3.56,0.000275347,-1.870119598,-1.611762395,-2.03,0.009332543,#NUM!,#NUM!,0.159880402,0.418237605,-0.258357203,1,2,1,NO,NO,0,0,-1.870119598,0.159880402,NO,0,3.6316,2.4109,2.8786,-1.115965583,-15.35889101,-16.4748566
Isophthalic acid,281,C1=CC(=CC(=C1)C(=O)O)C(=O)O,Acid,,1.69,48.97788194,9.1,3.54,4.6,,-1.96,0.010964782,5.56,2.75422E-06,-3.870001196,-1.954690806,-1.9,0.012589254,-1.904677451,0.055322549,1.970001196,0.054690806,1.91531039,0,0,0,YES,NO,281,0,-1.954690806,0.054690806,NO,0,3.6316,2.4109,2.8786,-1.115965583,-15.35889101,-16.4748566
Isophthalic acid,282,C1=CC(=CC(=C1)C(=O)O)C(=O)O,Acid,,1.69,48.97788194,13.2,3.54,4.6,,-1.96,0.010964782,9.66,2.18776E-10,-7.97,-1.959999576,-1.96,0.010964782,-1.960000424,-4.24314E-07,6.01,4.24314E-07,6.009999576,0,0,0,YES,NO,282,0,-1.959999576,4.24314E-07,NO,0,3.6316,2.4109,2.8786,-1.115965583,-15.35889101,-16.4748566
o-phthalic acid,283,C1=CC=C(C(=C1)C(=O)O)C(=O)O,Acid,,0.52,3.311311215,0.9,2.93,5.5,,-2.83,0.001479108,-2.03,0.990753748,0.515965724,0.515967534,0.66,4.570881896,2.14468724,4.97468724,0.144034276,0.144032466,1.81044E-06,1,1,0,NO,NO,0,0,0.515967534,0.144032466,NO,0,3.0654,2.4734,2.6844,-1.11792543,-14.30188815,-15.41981358
o-phthalic acid,284,C1=CC=C(C(=C1)C(=O)O)C(=O)O,Acid,,0.52,3.311311215,3,2.93,5.5,,-2.83,0.001479108,0.07,0.459791772,0.182561195,0.182789056,0.15,1.412537545,#NUM!,#NUM!,0.032561195,0.032789056,-0.000227861,1,1,1,NO,NO,0,0,0.182561195,0.032561195,NO,0,3.0654,2.4734,2.6844,-1.11792543,-14.30188815,-15.41981358
o-phthalic acid,285,C1=CC=C(C(=C1)C(=O)O)C(=O)O,Acid,,0.52,3.311311215,6,2.93,5.5,,-2.83,0.001479108,3.07,0.000850414,-2.550369487,-2.367154479,-2.53,0.002951209,-3.868579662,-1.038579662,0.020369487,0.162845521,-0.142476033,1,1,1,NO,NO,0,0,-2.550369487,0.020369487,NO,0,3.0654,2.4734,2.6844,-1.11792543,-14.30188815,-15.41981358
o-phthalic acid,286,C1=CC=C(C(=C1)C(=O)O)C(=O)O,Acid,,0.52,3.311311215,6.2,2.93,5.5,,-2.83,0.001479108,3.27,0.000536744,-2.750233167,-2.487363702,-2.77,0.001698244,#NUM!,#NUM!,0.019766833,0.282636298,-0.262869465,1,2,1,NO,NO,0,0,-2.750233167,0.019766833,NO,0,3.0654,2.4734,2.6844,-1.11792543,-14.30188815,-15.41981358
o-phthalic acid,287,C1=CC=C(C(=C1)C(=O)O)C(=O)O,Acid,,0.52,3.311311215,9,2.93,5.5,,-2.83,0.001479108,6.07,8.51137E-07,-5.55000037,-2.829173626,-2.69,0.002041738,-2.690599537,0.139400463,2.86000037,0.139173626,2.720826744,0,0,0,YES,NO,287,0,-2.829173626,0.139173626,NO,0,3.0654,2.4734,2.6844,-1.11792543,-14.30188815,-15.41981358
o-phthalic acid,288,C1=CC=C(C(=C1)C(=O)O)C(=O)O,Acid,,0.52,3.311311215,13.1,2.93,5.5,,-2.83,0.001479108,10.17,6.76083E-11,-9.65,-2.829999934,-3.3,0.000501187,-3.300000194,-0.470000194,6.35,0.470000066,5.879999934,0,0,0,YES,NO,288,0,-2.829999934,0.470000066,NO,0,3.0654,2.4734,2.6844,-1.11792543,-14.30188815,-15.41981358
Oxalic acid,289,C(=O)(C(=O)O)O,Acid,,-0.59,0.257039578,1.2,1.27,4.27,,-2.77,0.001698244,-0.07,0.540208228,-0.857438805,-0.855003429,-0.87,0.134896288,#NUM!,#NUM!,0.012561195,0.014996571,-0.002435376,1,1,1,NO,NO,0,0,-0.857438805,0.012561195,NO,0,0,3.0068,1.8497,0.258914914,-9.679063098,-8.999808795
Oxalic acid,290,C(=O)(C(=O)O)O,Acid,,-0.59,0.257039578,4.2,1.27,4.27,,-2.77,0.001698244,2.93,0.001173519,-3.520509952,-2.699428099,-2.72,0.001905461,-2.794334439,-0.024334439,0.800509952,0.020571901,0.779938051,0,0,0,NO,NO,0,0,-2.699428099,0.020571901,NO,0,0,3.0068,1.8497,0.258914914,-9.679063098,-8.999808795
Oxalic acid,291,C(=O)(C(=O)O)O,Acid,,-0.59,0.257039578,6.9,1.27,4.27,,-2.77,0.001698244,5.63,2.34422E-06,-6.220001018,-2.769846952,-2.77,0.001698244,-2.770153102,-0.000153102,3.450001018,0.000153048,3.44984797,0,0,0,YES,NO,291,0,-2.769846952,0.000153048,NO,0,0,3.0068,1.8497,0.258914914,-9.679063098,-8.999808795
Oxalic acid,292,C(=O)(C(=O)O)O,Acid,,-0.59,0.257039578,8.9,1.27,4.27,,-2.77,0.001698244,7.63,2.34423E-08,-8.22000001,-2.769998469,-2.77,0.001698244,-2.770001531,-1.53076E-06,5.45000001,1.53075E-06,5.449998479,0,0,0,YES,NO,292,0,-2.769998469,1.53075E-06,NO,0,0,3.0068,1.8497,0.258914914,-9.679063098,-8.999808795
Oxalic acid,293,C(=O)(C(=O)O)O,Acid,,-0.59,0.257039578,12.7,1.27,4.27,,-2.77,0.001698244,11.43,3.71535E-12,-12.02,-2.77,-2.77,0.001698244,-2.77,-2.42609E-10,9.25,2.42608E-10,9.25,0,0,0,YES,NO,293,0,-2.77,2.42608E-10,NO,0,0,3.0068,1.8497,0.258914914,-9.679063098,-8.999808795
Salicylic acid,294,C1=CC=C(C(=C1)C(=O)O)O,Acid,,2.21,162.1810097,1.2,2.98,13.6,,-1.38,0.041686938,-1.78,0.983675058,2.202851659,2.202853512,2.19,154.8816619,#NUM!,#NUM!,0.012851659,0.012853512,-1.85261E-06,1,1,1,NO,NO,0,0,2.202851659,0.012851659,NO,0,2.8785,2.4576,2.2916,-0.983723709,-12.34103728,-13.32476099
Salicylic acid,295,C1=CC=C(C(=C1)C(=O)O)O,Acid,,2.21,162.1810097,4.2,2.98,13.6,,-1.38,0.041686938,1.22,0.056831521,0.964589278,0.966437949,0.92,8.317637711,#NUM!,#NUM!,0.044589278,0.046437949,-0.001848671,1,1,1,NO,NO,0,0,0.964589278,0.044589278,NO,0,2.8785,2.4576,2.2916,-0.983723709,-12.34103728,-13.32476099
Salicylic acid,296,C1=CC=C(C(=C1)C(=O)O)O,Acid,,2.21,162.1810097,7,2.98,13.6,,-1.38,0.041686938,4.02,9.54901E-05,-1.810041473,-1.242834505,-1.15,0.070794578,-1.257171427,0.122828573,0.660041473,0.092834505,0.567206967,0,0,0,NO,NO,0,0,-1.242834505,0.092834505,NO,0,2.8785,2.4576,2.2916,-0.983723709,-12.34103728,-13.32476099
Salicylic acid,297,C1=CC=C(C(=C1)C(=O)O)O,Acid,,2.21,162.1810097,9,2.98,13.6,,-1.38,0.041686938,6.02,9.54992E-07,-3.810000415,-1.378389848,-1.38,0.041686938,-1.381616146,-0.001616146,2.430000415,0.001610152,2.428390263,0,0,0,YES,NO,297,0,-1.378389848,0.001610152,NO,0,2.8785,2.4576,2.2916,-0.983723709,-12.34103728,-13.32476099
Salicylic acid,298,C1=CC=C(C(=C1)C(=O)O)O,Acid,,2.21,162.1810097,13.2,2.98,13.6,,-1.38,0.041686938,10.22,6.0256E-11,-8.01,-1.379999898,-1.8,0.015848932,-1.800000268,-0.420000268,6.21,0.420000102,5.789999898,0,0,0,YES,NO,298,0,-1.379999898,0.420000102,NO,0,2.8785,2.4576,2.2916,-0.983723709,-12.34103728,-13.32476099
Theophylline,299,CN1C2=C(C(=O)N(C1=O)C)NC=N2,Acid,,0.01,1.023292992,0.56,8.8,0.54,,-2.47,0.003388442,-8.24,0.999999994,0.009999998,0.009999998,-0.45,0.354813389,#NUM!,#NUM!,0.459999998,0.459999998,-8.27527E-12,1,1,1,NO,NO,0,0,0.009999998,0.459999998,NO,0,5.6626,1.0253,3.9442,-1.669861377,-17.7585086,-14.26830784
Theophylline,300,CN1C2=C(C(=O)N(C1=O)C)NC=N2,Acid,,0.01,1.023292992,2.2,8.8,0.54,,-2.47,0.003388442,-6.6,0.999999749,0.009999891,0.009999891,-0.067,0.857037845,#NUM!,#NUM!,0.076999891,0.076999891,-3.6123E-10,1,1,1,NO,NO,0,0,0.009999891,0.076999891,NO,0,5.6626,1.0253,3.9442,-1.669861377,-17.7585086,-14.26830784
Theophylline,301,CN1C2=C(C(=O)N(C1=O)C)NC=N2,Acid,,0.01,1.023292992,7.4,8.8,0.54,,-2.47,0.003388442,-1.4,0.961713496,-0.006954289,-0.006897042,-0.061,0.868960429,#NUM!,#NUM!,0.054045711,0.054102958,-5.72474E-05,1,1,1,NO,NO,0,0,-0.006954289,0.054045711,NO,0,5.6626,1.0253,3.9442,-1.669861377,-17.7585086,-14.26830784
Theophylline,302,CN1C2=C(C(=O)N(C1=O)C)NC=N2,Acid,,0.01,1.023292992,9,8.8,0.54,,-2.47,0.003388442,0.2,0.38686318,-0.402442603,-0.400169353,-0.5,0.316227766,#NUM!,#NUM!,0.097557397,0.099830647,-0.00227325,1,1,1,NO,NO,0,0,-0.402442603,0.097557397,NO,0,5.6626,1.0253,3.9442,-1.669861377,-17.7585086,-14.26830784
Theophylline,303,CN1C2=C(C(=O)N(C1=O)C)NC=N2,Acid,,0.01,1.023292992,10.6,8.8,0.54,,-2.47,0.003388442,1.8,0.015601662,-1.796829128,-1.714428112,-1.66,0.021877616,-2.221396442,0.248603558,0.136829128,0.054428112,0.082401016,1,1,0,NO,NO,0,0,-1.714428112,0.054428112,NO,0,5.6626,1.0253,3.9442,-1.669861377,-17.7585086,-14.26830784
Theophylline,304,CN1C2=C(C(=O)N(C1=O)C)NC=N2,Acid,,0.01,1.023292992,11.2,8.8,0.54,,-2.47,0.003388442,2.4,0.003965286,-2.391725525,-2.12885606,-2.1,0.007943282,-2.408812656,0.061187344,0.291725525,0.02885606,0.262869465,0,0,0,NO,NO,0,0,-2.12885606,0.02885606,NO,0,5.6626,1.0253,3.9442,-1.669861377,-17.7585086,-14.26830784
Theophylline,305,CN1C2=C(C(=O)N(C1=O)C)NC=N2,Acid,,0.01,1.023292992,13.2,8.8,0.54,,-2.47,0.003388442,4.4,3.98091E-05,-4.390017289,-2.464827059,-2.47,0.003388442,-2.47523551,-0.00523551,1.920017289,0.005172941,1.914844348,0,0,0,YES,NO,305,0,-2.464827059,0.005172941,NO,0,5.6626,1.0253,3.9442,-1.669861377,-17.7585086,-14.26830784
Tyrosine,,C1=CC(=CC=C1CC(C(=O)O)N)O,Acid,,-2.02,0.009549926,1.5,10.3,,,-2.68,0.002089296,-8.8,0.999999998,-2.020000001,-2.020000001,-2.23,0.005888437,#NUM!,#NUM!,0.209999999,0.209999999,-1.50586E-10,1,1,1,NO,NO,0,0,-2.020000001,0.209999999,NO,0,7.396,2.4776,4.1971,-0.106763862,-20.54502868,-20.65179254
Tyrosine,,C1=CC(=CC=C1CC(C(=O)O)N)O,Acid,,-2.02,0.009549926,3.2,10.3,,,-2.68,0.002089296,-7.1,0.999999921,-2.020000034,-2.020000027,-2.06,0.008709636,#NUM!,#NUM!,0.039999966,0.039999973,-7.54717E-09,1,1,1,NO,NO,0,0,-2.020000034,0.039999966,NO,0,7.396,2.4776,4.1971,-0.106763862,-20.54502868,-20.65179254
Tyrosine,,C1=CC(=CC=C1CC(C(=O)O)N)O,Acid,,-2.02,0.009549926,4.2,10.3,,,-2.68,0.002089296,-6.1,0.999999206,-2.020000345,-2.02000027,-2.05,0.008912509,#NUM!,#NUM!,0.029999655,0.02999973,-7.54717E-08,1,1,1,NO,NO,0,0,-2.020000345,0.029999655,NO,0,7.396,2.4776,4.1971,-0.106763862,-20.54502868,-20.65179254
Tyrosine,,C1=CC(=CC=C1CC(C(=O)O)N)O,Acid,,-2.02,0.009549926,5.3,10.3,,,-2.68,0.002089296,-5,0.99999,-2.020004343,-2.020003393,-2.02,0.009549926,-2.02,0.66,4.34292E-06,3.39279E-06,9.50132E-07,1,1,0,NO,NO,0,0,-2.020003393,3.39279E-06,NO,0,7.396,2.4776,4.1971,-0.106763862,-20.54502868,-20.65179254
Tyrosine,,C1=CC(=CC=C1CC(C(=O)O)N)O,Acid,,-2.02,0.009549926,6.4,10.3,,,-2.68,0.002089296,-3.9,0.999874123,-2.020054671,-2.02004271,-2.05,0.008912509,#NUM!,#NUM!,0.029945329,0.02995729,-1.19613E-05,1,1,1,NO,NO,0,0,-2.020054671,0.029945329,NO,0,7.396,2.4776,4.1971,-0.106763862,-20.54502868,-20.65179254
Tyrosine,,C1=CC(=CC=C1CC(C(=O)O)N)O,Acid,,-2.02,0.009549926,7,10.3,,,-2.68,0.002089296,-3.3,0.999499064,-2.020217608,-2.020169991,-2.03,0.009332543,#NUM!,#NUM!,0.009782392,0.009830009,-4.76168E-05,1,1,1,NO,NO,0,0,-2.020217608,0.009782392,NO,0,7.396,2.4776,4.1971,-0.106763862,-20.54502868,-20.65179254
Tyrosine,,C1=CC(=CC=C1CC(C(=O)O)N)O,Acid,,-2.02,0.009549926,9,10.3,,,-2.68,0.002089296,-1.3,0.952273279,-2.041238402,-2.036502375,-2.08,0.008317638,#NUM!,#NUM!,0.038761598,0.043497625,-0.004736027,1,1,1,NO,NO,0,0,-2.041238402,0.038761598,NO,0,7.396,2.4776,4.1971,-0.106763862,-20.54502868,-20.65179254
Tyrosine,,C1=CC(=CC=C1CC(C(=O)O)N)O,Acid,,-2.02,0.009549926,9.6,10.3,,,-2.68,0.002089296,-0.7,0.833662469,-2.09900975,-2.080454213,-2.38,0.004168694,#NUM!,#NUM!,0.28099025,0.299545787,-0.018555536,1,1,1,NO,NO,0,0,-2.09900975,0.28099025,NO,0,7.396,2.4776,4.1971,-0.106763862,-20.54502868,-20.65179254
Tyrosine,,C1=CC(=CC=C1CC(C(=O)O)N)O,Acid,,-2.02,0.009549926,11,10.3,,,-2.68,0.002089296,0.7,0.166337531,-2.79900975,-2.4775194,-2.63,0.002344229,-3.04263064,-0.36263064,0.16900975,0.1524806,0.016529149,1,1,0,NO,NO,0,0,-2.4775194,0.1524806,NO,0,7.396,2.4776,4.1971,-0.106763862,-20.54502868,-20.65179254
Tyrosine,,C1=CC(=CC=C1CC(C(=O)O)N)O,Acid,,-2.02,0.009549926,12.6,10.3,,,-2.68,0.002089296,2.3,0.004986879,-4.322171192,-2.67233433,-2.68,0.002089296,-2.687842876,-0.007842876,1.642171192,0.00766567,1.634505522,0,0,0,YES,NO,0,0,-2.67233433,0.00766567,NO,0,7.396,2.4776,4.1971,-0.106763862,-20.54502868,-20.65179254
Histidine,,C1=C(NC=N1)CC(C(=O)O)N,Base,,-2.93,0.001174898,1.1,6.6,,,-3.41,0.000389045,5.5,3.16227E-06,-8.430001373,-3.409997226,-3.41,0.000389045,-3.410002774,-2.77413E-06,5.020001373,2.7741E-06,5.019998599,0,0,0,YES,NO,0,0,-3.409997226,2.7741E-06,NO,0,6.7316,2.6328,4.8782,-0.001362333,-22.12306405,-22.12442639
Histidine,,C1=C(NC=N1)CC(C(=O)O)N,Base,,-2.93,0.001174898,1.7,6.6,,,-3.41,0.000389045,4.9,1.25891E-05,-7.830005467,-3.409988956,-3.4,0.000398107,-3.400010668,0.009989332,4.430005467,0.009988956,4.420016511,0,0,0,YES,NO,0,0,-3.409988956,0.009988956,NO,0,6.7316,2.6328,4.8782,-0.001362333,-22.12306405,-22.12442639
Histidine,,C1=C(NC=N1)CC(C(=O)O)N,Base,,-2.93,0.001174898,3.4,6.6,,,-3.41,0.000389045,3.2,0.000630559,-6.130273935,-3.409447191,-3.24,0.00057544,-3.240285552,0.169714448,2.890273935,0.169447191,2.720826744,0,0,0,YES,NO,0,0,-3.409447191,0.169447191,NO,0,6.7316,2.6328,4.8782,-0.001362333,-22.12306405,-22.12442639
Histidine,,C1=C(NC=N1)CC(C(=O)O)N,Base,,-2.93,0.001174898,5.3,6.6,,,-3.41,0.000389045,1.3,0.047726721,-4.251238402,-3.370028726,-3.13,0.00074131,-3.142921279,0.267078721,1.121238402,0.240028726,0.881209676,0,0,0,NO,NO,0,0,-3.370028726,0.240028726,NO,0,6.7316,2.6328,4.8782,-0.001362333,-22.12306405,-22.12442639
Histidine,,C1=C(NC=N1)CC(C(=O)O)N,Base,,-2.93,0.001174898,6.6,6.6,,,-3.41,0.000389045,0,0.5,-3.231029996,-3.106809158,-2.94,0.001148154,-2.950235696,0.459764304,0.291029996,0.166809158,0.124220837,1,1,0,NO,NO,0,0,-3.106809158,0.166809158,NO,0,6.7316,2.6328,4.8782,-0.001362333,-22.12306405,-22.12442639
Histidine,,C1=C(NC=N1)CC(C(=O)O)N,Base,,-2.93,0.001174898,7.4,6.6,,,-3.41,0.000389045,-0.8,0.863193111,-2.993892034,-2.971677875,-2.93,0.001174898,-2.93,0.48,0.063892034,0.041677875,0.02221416,1,1,0,NO,NO,0,0,-2.971677875,0.041677875,NO,0,6.7316,2.6328,4.8782,-0.001362333,-22.12306405,-22.12442639
Histidine,,C1=C(NC=N1)CC(C(=O)O)N,Base,,-2.93,0.001174898,9.5,6.6,,,-3.41,0.000389045,-2.9,0.998742657,-2.9305464,-2.930365394,-3.06,0.000870964,#NUM!,#NUM!,0.1294536,0.129634606,-0.000181006,1,1,1,NO,NO,0,0,-2.9305464,0.1294536,NO,0,6.7316,2.6328,4.8782,-0.001362333,-22.12306405,-22.12442639
Histidine,,C1=C(NC=N1)CC(C(=O)O)N,Base,,-2.93,0.001174898,12.4,6.6,,,-3.41,0.000389045,-5.8,0.999998415,-2.930000688,-2.93000046,-3.11,0.000776247,#NUM!,#NUM!,0.179999312,0.17999954,-2.27921E-07,1,1,1,NO,NO,0,0,-2.930000688,0.179999312,NO,0,6.7316,2.6328,4.8782,-0.001362333,-22.12306405,-22.12442639
